Year,ANIMAL_TYPE,breed,cnt,share
2024,DOG,FIELD SPANIEL,8,2.0E-4
2024,DOG,ITALIAN GREYHOUND,42,8.0E-4
2024,DOG,PORTUGUESE CATTLE DOG,2,0.0
2024,DOG,CANE CORSO,323,0.0065
2024,DOG,AIREDALE TERRIER,71,0.0014
2024,DOG,SHIHTZU,2145,0.0429
2024,DOG,LAGOTTO ROMAGNOLO,46,9.0E-4
2024,DOG,EURASIER,15,3.0E-4
2024,DOG,PERUVIAN HAIRLESS DOG,1,0.0
2024,DOG,CHIHUAHUA LONGHAIR,140,0.0028
2024,DOG,SCHNAUZER,1,0.0
2024,DOG,STANDARD SCHNAUZER,140,0.0028
2024,DOG,BARBET,20,4.0E-4
2024,DOG,GREAT DANE,152,0.003
2024,DOG,GREATER SWISS MOUNTAIN DOG,16,3.0E-4
2024,DOG,SHIKOKU,1,0.0
2024,DOG,SHIH TZU MIX,1,0.0
2024,DOG,CHIHUAHUA,2,0.0
2024,DOG,POLISH LOWLAND SHEEPDOG,14,3.0E-4
2024,DOG,ARABIAN CUNUCU,1,0.0
2024,DOG,MINI AUSSIEDOOD,1,0.0
2024,DOG,BOXER - MASTIFF,1,0.0
2024,DOG,PUG,504,0.0101
2024,DOG,AMERICAN ESKIMO DOG,151,0.003
2024,DOG,DOMESTIC LONGHAIR,1,0.0
2024,DOG,BLOODHOUND,13,3.0E-4
2024,DOG,MINIATURE BULL TERRIER,13,3.0E-4
2024,DOG,SAINT BERNARD SMOOTH,40,8.0E-4
2024,DOG,KERRY BLUE TERRIER,18,4.0E-4
2024,DOG,CAVALIER KING CHARLES SPANIEL,464,0.0093
2024,DOG,FLAT COATED RETRIEVER,47,9.0E-4
2024,DOG,BLACK AND TAN COONHOUND,4,1.0E-4
2024,DOG,DUTCH SHEPHERD,37,7.0E-4
2024,DOG,BRACCO ITALIANO,1,0.0
2024,DOG,ENGLISH COONHOUND,51,0.001
2024,DOG,SEALYHAM TERRIER,5,1.0E-4
2024,DOG,PUDELPOINTER,5,1.0E-4
2024,DOG,CHINESE CRESTED,53,0.0011
2024,DOG,LABRADOR RETRIEVER,4878,0.0976
2024,DOG,GORDON SETTER,5,1.0E-4
2024,DOG,PYRENEAN SHEPHERD,11,2.0E-4
2024,DOG,MUNSTERLANDER,23,5.0E-4
2024,DOG,DOBERMAN PINSCHER,298,0.006
2024,DOG,INDIAN PARIAH DOG,3,1.0E-4
2024,DOG,BEAGLE - PARSON,1,0.0
2024,DOG,BEAGLE,857,0.0172
2024,DOG,KEESHOND,26,5.0E-4
2024,DOG,PULI,10,2.0E-4
2024,DOG,GERMAN WIREHAIRED POINTER,7,1.0E-4
2024,DOG,AFFENPINSCHER,4,1.0E-4
2024,DOG,SWISS HOUND,2,0.0
2024,DOG,KANGAL,12,2.0E-4
2024,DOG,ROTTWEILER,453,0.0091
2024,DOG,KUVASZ,8,2.0E-4
2024,DOG,POMERANIAN,767,0.0154
2024,DOG,CHOW CHOW,129,0.0026
2024,DOG,TIBETAN TERRIER,27,5.0E-4
2024,DOG,RUSSIAN SPITZ,1,0.0
2024,DOG,PATTERDALE TERRIER,6,1.0E-4
2024,DOG,BELGIAN TERVUREN,7,1.0E-4
2024,DOG,SOFT COATED WHEATEN TERRIER,311,0.0062
2024,DOG,RUSSIAN TOY TERRIER,2,0.0
2024,DOG,AMERICAN BULLDOG,1041,0.0208
2024,DOG,LAKELAND TERRIER,13,3.0E-4
2024,DOG,SPINONE ITALIANO,12,2.0E-4
2024,DOG,CHINOOK,1,0.0
2024,DOG,BRITTANY,131,0.0026
2024,DOG,GOLDEN RETR - P,2,0.0
2024,DOG,MIXED BREED ROT,1,0.0
2024,DOG,GRAND BASSET GRIFFON VENDEEN,1,0.0
2024,DOG,SCHAPENDOES,15,3.0E-4
2024,DOG,COCKER SPANIEL,1872,0.0375
2024,DOG,MOUNTAIN CUR,2,0.0
2024,DOG,ENGLISH SPRINGER SPANIEL,211,0.0042
2024,DOG,ALASKAN MALAMUTE,85,0.0017
2024,DOG,CHIWEENIE,1,0.0
2024,DOG,IRISH TERRIER,32,6.0E-4
2024,DOG,ENGLISH FOXHOUND,9,2.0E-4
2024,DOG,CAROLINA DOG,16,3.0E-4
2024,DOG,BULLMASTIFF,69,0.0014
2024,DOG,IRISH WOLFHOUND,31,6.0E-4
2024,DOG,BASSET HOUND,83,0.0017
2024,DOG,FINNISH SPITZ,19,4.0E-4
2024,DOG,POODLE MINIATURE,1893,0.0379
2024,DOG,NORWEGIAN ELKHOUND,20,4.0E-4
2024,DOG,TAMASKAN,1,0.0
2024,DOG,WEST HIGHLAND WHITE TERRIER,333,0.0067
2024,DOG,NORWEGIAN BUHUND,10,2.0E-4
2024,DOG,CHESAPEAKE BAY RETRIEVER,27,5.0E-4
2024,DOG,ITAL SPINONE,1,0.0
2024,DOG,BULLDOG,127,0.0025
2024,DOG,BIEWER TERRIER,4,1.0E-4
2024,DOG,TIBETAN MASTIFF,6,1.0E-4
2024,DOG,BOXER - CANE CO,1,0.0
2024,DOG,GIANT SCHNAUZER,15,3.0E-4
2024,DOG,CHORKIE,2,0.0
2024,DOG,ENGLISH COCKER SPANIEL,81,0.0016
2024,DOG,DACHSHUND WIREHAIRED,11,2.0E-4
2024,DOG,POTCAKE,31,6.0E-4
2024,DOG,ENTLEBUCHER MOUNTAIN DOG,21,4.0E-4
2024,DOG,POODLE TOY,564,0.0113
2024,DOG,NORFOLK TERRIER,33,7.0E-4
2024,DOG,PEKINGESE,67,0.0013
2024,DOG,ALASKAN KLEE KAI,24,5.0E-4
2024,DOG,HARRIER,1,0.0
2024,DOG,OLD ENGLISH SHEEPDOG,156,0.0031
2024,DOG,JAPANESE CHIN,18,4.0E-4
2024,DOG,CARDIGAN WELSH CORGI,177,0.0035
2024,DOG,BERGER BLANC SU,1,0.0
2024,DOG,LHASA APSO,94,0.0019
2024,DOG,GERMAN SHORTHAIRED POINTER,150,0.003
2024,DOG,MIXED BREED,21,4.0E-4
2024,DOG,CIRNECO DELLETNA,1,0.0
2024,DOG,BORDER TERRIER,91,0.0018
2024,DOG,NEWFOUNDLAND,69,0.0014
2024,DOG,ENGLISH BULLDOG,152,0.003
2024,DOG,DOGUE DE BORDEAUX,18,4.0E-4
2024,DOG,CAIRN TERRIER,133,0.0027
2024,DOG,PAPILLON,105,0.0021
2024,DOG,PUMI,1,0.0
2024,DOG,FEIST,86,0.0017
2024,DOG,GOLDENDOODLE,6,1.0E-4
2024,DOG,FILA BRASILEIRO,8,2.0E-4
2024,DOG,BEAUCERON,3,1.0E-4
2024,DOG,SPANISH WATER DOG,12,2.0E-4
2024,DOG,ENGLISH SETTER,47,9.0E-4
2024,DOG,BELGIAN GROENENDAEL,1,0.0
2024,DOG,STAFFORDSHIRE BULL TERRIER,30,6.0E-4
2024,DOG,ENGLISH POINTER,19,4.0E-4
2024,DOG,SWISS BULLDOG,2,0.0
2024,DOG,AMERICAN STAFFORDSHIRE TERRIER,63,0.0013
2024,DOG,AKITA,84,0.0017
2024,DOG,WELSH SPRINGER SPANIEL,42,8.0E-4
2024,DOG,JAVANESE,3,1.0E-4
2024,DOG,SHIHPOO,3,1.0E-4
2024,DOG,TERRIER,629,0.0126
2024,DOG,LANDSEER,6,1.0E-4
2024,DOG,UNKNOWN,889,0.0178
2024,DOG,LAGOTTO ROMANGO,4,1.0E-4
2024,DOG,PEMBROKE WELSH CORGI,343,0.0069
2024,DOG,WELSH TERRIER,26,5.0E-4
2024,DOG,NEAPOLITAN MASTIFF,3,1.0E-4
2024,DOG,CANAAN DOG,14,3.0E-4
2024,DOG,MINIATURE PINSCHER,189,0.0038
2024,DOG,PORTUGUESE PODENGO PEQUENO,43,9.0E-4
2024,DOG,GLEN OF IMAAL TERRIER,5,1.0E-4
2024,DOG,PLOTT HOUND,27,5.0E-4
2024,DOG,AMERICAN COCKER SPANIEL,1,0.0
2024,DOG,YORKSHIRE TERRIER,1200,0.024
2024,DOG,SAINT BERNARD ROUGH,77,0.0015
2024,DOG,DALMATIAN,59,0.0012
2024,DOG,CAUCASIAN SHEPHERD DOG,1,0.0
2024,DOG,POMSKY,1,0.0
2024,DOG,FORMOSAN MOUNTAIN DOG,13,3.0E-4
2024,DOG,AMERICAN BULLY POCKET,1,0.0
2024,DOG,CHINESE SHAR-PEI,109,0.0022
2024,DOG,TAHLTAN BEAR DOG,2,0.0
2024,DOG,AUSSIEDOODLE,3,1.0E-4
2024,DOG,BOXER,584,0.0117
2024,DOG,BELDI,1,0.0
2024,DOG,BLACK RUSSIAN TERRIER,12,2.0E-4
2024,DOG,DACHSHUND,343,0.0069
2024,DOG,VIZSLA,194,0.0039
2024,DOG,SHIATSU,1,0.0
2024,DOG,SHETLAND SHEEPDOG,200,0.004
2024,DOG,AMERICAN WATER SPANIEL,1,0.0
2024,DOG,BLUETICK COONHOUND,16,3.0E-4
2024,DOG,IRISH SETTER,50,0.001
2024,DOG,BOYKIN SPANIEL,3,1.0E-4
2024,DOG,AUSTRALIAN KELPIE,26,5.0E-4
2024,DOG,MINIATURE SCHNAUZER,610,0.0122
2024,DOG,OLDE ENGLISH BULLDOGGE,89,0.0018
2024,DOG,SCOTTISH DEERHOUND,9,2.0E-4
2024,DOG,SHIH TZU - POOD,1,0.0
2024,DOG,DANDIE DINMONT TERRIER,4,1.0E-4
2024,DOG,SCOTTISH TERRIER,62,0.0012
2024,DOG,AUSTRALIAN COBBERDOG,3,1.0E-4
2024,DOG,ASTIPZE,1,0.0
2024,DOG,PICARDY SHEEPDOG,4,1.0E-4
2024,DOG,SLOVENSKY KOPOV,1,0.0
2024,DOG,BRITISH SHORT H,1,0.0
2024,DOG,SAMOYED,186,0.0037
2024,DOG,AFGHAN HOUND,1,0.0
2024,DOG,BOERBOEL,6,1.0E-4
2024,DOG,TREEING WALKER COONHOUND,19,4.0E-4
2024,DOG,MINIATURE AMERICAN SHEPHERD,2,0.0
2024,DOG,SCOTTISH FOLD,1,0.0
2024,DOG,WEIMARANER,77,0.0015
2024,DOG,GANARASKAN,56,0.0011
2024,DOG,HOVAWART,1,0.0
2024,DOG,NORWICH TERRIER,24,5.0E-4
2024,DOG,PARSON JACK RUSSELL TERRIER,1,0.0
2024,DOG,DOGO ARGENTINO,72,0.0014
2024,DOG,SKYE TERRIER,2,0.0
2024,DOG,BOUVIER DES FLANDRES,53,0.0011
2024,DOG,REDBONE COONHOUND,18,4.0E-4
2024,DOG,PHARAOH HOUND,9,2.0E-4
2024,DOG,BULL TERRIER,71,0.0014
2024,DOG,MASTIFF,212,0.0042
2024,DOG,AMERICAN BULL T,1,0.0
2024,DOG,FOX TERRIER WIRE,56,0.0011
2024,DOG,XOLOITZCUINTLI,13,3.0E-4
2024,DOG,TREEING CUR,14,3.0E-4
2024,DOG,BRUSSELS GRIFFON,47,9.0E-4
2024,DOG,MAREMMA SHEEPDOG,28,6.0E-4
2024,DOG,DACHSHUND MINIATURE,338,0.0068
2024,DOG,SHIH TZU,1,0.0
2024,DOG,COTON DE TULEAR,205,0.0041
2024,DOG,ICELANDIC SHEEPDOG,4,1.0E-4
2024,DOG,BERNESE HOUND,4,1.0E-4
2024,DOG,LEONBERGER,26,5.0E-4
2024,DOG,AMERICAN PIT BULL TERRIER,84,0.0017
2024,DOG,AMERICAN DIRUS,1,0.0
2024,DOG,AUSTRALIAN TERRIER,9,2.0E-4
2024,DOG,POODLE STANDARD,1142,0.0229
2024,DOG,WOLF HYBRID,1,0.0
2024,DOG,WHEATON TERRIOR,1,0.0
2024,DOG,KOOIKERHONDJE,1,0.0
2024,DOG,TOY FOX TERRIER,9,2.0E-4
2024,DOG,CHIHUAHUA SHORTHAIR,1518,0.0304
2024,DOG,BELGIAN MALINOIS,120,0.0024
2024,DOG,JACK RUSSELL TERRIER,7,1.0E-4
2024,DOG,ENGLISH TOY SPANIEL,1,0.0
2024,DOG,SIAMESE,2,0.0
2024,DOG,BOLONKA ZWETNA,1,0.0
2024,DOG,CLUMBER SPANIEL,1,0.0
2024,DOG,ANATOLIAN SHEPHERD DOG,27,5.0E-4
2024,DOG,BERNESE MOUNTAIN DOG,779,0.0156
2024,DOG,SHEEPADOODLE,2,0.0
2024,DOG,COLLIE ROUGH,113,0.0023
2024,DOG,ALASKAN HUSKY,77,0.0015
2024,DOG,GERMAN PINSCHER,10,2.0E-4
2024,DOG,TERRIER MIX,2,0.0
2024,DOG,POODLE,3,1.0E-4
2024,DOG,BLACK MOUTH CUR,43,9.0E-4
2024,DOG,NOVA SCOTIA DUCK TOLLING RETRIEVER,96,0.0019
2024,DOG,PRESA CANARIO,72,0.0014
2024,DOG,BEDLINGTON TERRIER,15,3.0E-4
2024,DOG,KARELIAN BEAR DOG,4,1.0E-4
2024,DOG,ARGENTINIAN DOG,1,0.0
2024,DOG,TOSA,1,0.0
2024,DOG,SUSSEX SPANIEL,1,0.0
2024,DOG,GREAT PYRENEES,114,0.0023
2024,DOG,DOMESTIC SHORTHAIR,2,0.0
2024,DOG,IBIZAN HOUND,4,1.0E-4
2024,DOG,BORDER COLLIE,1032,0.0207
2024,DOG,TIBETAN SPANIEL,29,6.0E-4
2024,DOG,SILKEN WINDHOUND,3,1.0E-4
2024,DOG,AKBASH,7,1.0E-4
2024,DOG,PARSON RUSSELL TERRIER,751,0.015
2024,DOG,WHIPPET,206,0.0041
2024,DOG,BOSTON TERRIER,468,0.0094
2024,DOG,WIREHAIRED VIZSLA,9,2.0E-4
2024,DOG,RHODESIAN RIDGEBACK,122,0.0024
2024,DOG,POINTER,81,0.0016
2024,DOG,SCHIPPERKE,5,1.0E-4
2024,DOG,PETIT BASSET GRIFFON VENDEEN,5,1.0E-4
2024,DOG,SWISS RIDGE DOO,2,0.0
2024,DOG,GERMAN SHEPPHER,1,0.0
2024,DOG,AMERICAN BULLY XL,1,0.0
2024,DOG,MANCHESTER TERRIER,12,2.0E-4
2024,DOG,FOX TERRIER SMOOTH,32,6.0E-4
2024,DOG,RAT TERRIER,100,0.002
2024,DOG,MALTESE,1394,0.0279
2024,DOG,BICHON FRISE,653,0.0131
2024,DOG,WIREHAIRED POINTING GRIFFON,23,5.0E-4
2024,DOG,BELGIAN SHEEPDOG,19,4.0E-4
2024,DOG,AMERICAN FOXHOUND,21,4.0E-4
2024,DOG,BERNEDOODLE,8,2.0E-4
2024,DOG,ENGLISH SHEPHERD,3,1.0E-4
2024,DOG,GERMAN SHEPHERD DOG,2369,0.0474
2024,DOG,GREYHOUND,105,0.0021
2024,DOG,FRENCH BULLDOG,612,0.0122
2024,DOG,MCNAB DOG,1,0.0
2024,DOG,WHITE SHEPHERD,4,1.0E-4
2024,DOG,SALUKI,26,5.0E-4
2024,DOG,KOMONDOR,6,1.0E-4
2024,DOG,DACHSHUND LONGHAIRED,54,0.0011
2024,DOG,LOWCHEN,3,1.0E-4
2024,DOG,CHINESE FIELD D,1,0.0
2024,DOG,SHIBA INU,358,0.0072
2024,DOG,MINI BULLDOG,2,0.0
2024,DOG,HAVANESE,644,0.0129
2024,DOG,BRIARD,7,1.0E-4
2024,DOG,SILKY TERRIER,10,2.0E-4
2024,DOG,BASENJI,46,9.0E-4
2024,DOG,JINDO,191,0.0038
2024,DOG,PORTUGUESE WATER DOG,413,0.0083
2024,DOG,AUSTRALIAN SHEPHERD,1344,0.0269
2024,DOG,FRENCH SPANIEL,2,0.0
2024,DOG,COLLIE SMOOTH,82,0.0016
2024,DOG,BEARDED COLLIE,23,5.0E-4
2024,DOG,MORKIE,1,0.0
2024,DOG,LABRADOODLE,1,0.0
2024,DOG,GOLDEN RETRIEVER,3909,0.0782
2024,DOG,BORZOI,6,1.0E-4
2024,DOG,TREEING TENNESSEE BRINDLE,2,0.0
2024,DOG,GREEK SHEPHERD,3,1.0E-4
2024,DOG,SPITZ MIX,1,0.0
2024,DOG,CATAHOULA LEOPARD DOG,65,0.0013
2024,DOG,PUG X POODLE,1,0.0
2024,DOG,SWEDISH VALLHUND,4,1.0E-4
2024,DOG,IRISH WATER SPANIEL,5,1.0E-4
2024,DOG,BLUE LACY,3,1.0E-4
2024,DOG,AMERICAN BULLY,191,0.0038
2024,DOG,SIBERIAN HUSKY,1390,0.0278
2024,DOG,AUSTRALIAN CATTLE DOG,242,0.0048
2024,DOG,SHILOH SHEPHERD,1,0.0
2024,DOG,HOUND,258,0.0052
2023,DOG,COCKER SPANIEL,1687,0.0365
2023,DOG,HOUND,260,0.0056
2023,DOG,CIRNECO DELLETNA,1,0.0
2023,DOG,MINIATURE BULL TERRIER,13,3.0E-4
2023,DOG,DACHSHUND,341,0.0074
2023,DOG,BICHON FRISE,612,0.0132
2023,DOG,STANDARD SCHNAUZER,150,0.0032
2023,DOG,BLACK RUSSIAN TERRIER,13,3.0E-4
2023,DOG,KANGAL,3,1.0E-4
2023,DOG,MIXED POTCAKE,1,0.0
2023,DOG,AUSTRALIAN KELPIE,19,4.0E-4
2023,DOG,MORKIE,2,0.0
2023,DOG,ENGLISH SETTER,44,0.001
2023,DOG,GRAND BASSET GRIFFON VENDEEN,2,0.0
2023,DOG,SCHNAUZER,1,0.0
2023,DOG,BOXER,544,0.0118
2023,DOG,GERMAN PINSCHER,7,2.0E-4
2023,DOG,CHIHUAHUA SHORTHAIR,1414,0.0306
2023,DOG,ENGLISH HOUND,1,0.0
2023,DOG,BELGIAN TERVUREN,6,1.0E-4
2023,DOG,POLISH LOWLAND SHEEPDOG,9,2.0E-4
2023,DOG,IRISH WATER SPANIEL,3,1.0E-4
2023,DOG,GREYHOUND,114,0.0025
2023,DOG,WHIPPET,164,0.0035
2023,DOG,FRENCH BULLDOG,559,0.0121
2023,DOG,STAFFORDSHIRE BULL TERRIER,35,8.0E-4
2023,DOG,MIXED BREED,19,4.0E-4
2023,DOG,RAT TERRIER,89,0.0019
2023,DOG,PAPILLON,88,0.0019
2023,DOG,ENGLISH COONHOUND,51,0.0011
2023,DOG,FOX TERRIER SMOOTH,17,4.0E-4
2023,DOG,MALSHI,1,0.0
2023,DOG,XOLOITZCUINTLI,16,3.0E-4
2023,DOG,BEARDED COLLIE,28,6.0E-4
2023,DOG,GREATER SWISS MOUNTAIN DOG,14,3.0E-4
2023,DOG,COLLIE SMOOTH,85,0.0018
2023,DOG,BLACK AND TAN COONHOUND,5,1.0E-4
2023,DOG,BEDLINGTON TERRIER,11,2.0E-4
2023,DOG,PHARAOH HOUND,6,1.0E-4
2023,DOG,IRISH SETTER,52,0.0011
2023,DOG,CATAHOULA LEOPARD DOG,56,0.0012
2023,DOG,KOMONDOR,5,1.0E-4
2023,DOG,MCNAB DOG,1,0.0
2023,DOG,POODLE STANDARD,1162,0.0251
2023,DOG,1/2 MALTESE,1,0.0
2023,DOG,LAKELAND TERRIER,14,3.0E-4
2023,DOG,TOSA,2,0.0
2023,DOG,SOFT COATED WHEATEN TERRIER,331,0.0072
2023,DOG,PARSON JACK RUSSELL TERRIER,1,0.0
2023,DOG,SWEDISH VALLHUND,3,1.0E-4
2023,DOG,DACHSHUND WIREHAIRED,13,3.0E-4
2023,DOG,AMERICAN ESKIMO DOG,156,0.0034
2023,DOG,SHIBA INU,308,0.0067
2023,DOG,AMERICAN COCKER SPANIEL,1,0.0
2023,DOG,UNKNOWN,295,0.0064
2023,DOG,POMSKY,1,0.0
2023,DOG,SEALYHAM TERRIER,3,1.0E-4
2023,DOG,CHINESE SHAR-PEI,92,0.002
2023,DOG,HUSKY,1,0.0
2023,DOG,NORWEGIAN ELKHOUND,17,4.0E-4
2023,DOG,ICELANDIC SHEEPDOG,5,1.0E-4
2023,DOG,NEWFOUNDLAND,67,0.0014
2023,DOG,DOGUE DE BORDEAUX,15,3.0E-4
2023,DOG,WESTHIGHLAND TE,1,0.0
2023,DOG,LANDSEER,4,1.0E-4
2023,DOG,AKBASH,10,2.0E-4
2023,DOG,WIREHAIRED POINTING GRIFFON,20,4.0E-4
2023,DOG,KOOIKERHONDJE,1,0.0
2023,DOG,ROTTWEILER,441,0.0095
2023,DOG,NEAPOLITAN MASTIFF,2,0.0
2023,DOG,SAMOYED,173,0.0037
2023,DOG,KEESHOND,20,4.0E-4
2023,DOG,MIX RAGDOLL,1,0.0
2023,DOG,WEIMARANER,73,0.0016
2023,DOG,CHOW CHOW,95,0.0021
2023,DOG,BEAGLE,899,0.0194
2023,DOG,KARELIAN BEAR DOG,7,2.0E-4
2023,DOG,GERMAN SHORTHAIRED POINTER,154,0.0033
2023,DOG,DOGO ARGENTINO,53,0.0011
2023,DOG,BORZOI,7,2.0E-4
2023,DOG,FIELD SPANIEL,8,2.0E-4
2023,DOG,PUDELPOINTER,5,1.0E-4
2023,DOG,BOSTON TERRIER,457,0.0099
2023,DOG,PERUVIAN HAIRLESS DOG,1,0.0
2023,DOG,SHIH TZU,1,0.0
2023,DOG,FRENCH SPANIEL,2,0.0
2023,DOG,PODENGO,1,0.0
2023,DOG,SCOTTISH TERRIER,62,0.0013
2023,DOG,DANDIE DINMONT TERRIER,5,1.0E-4
2023,DOG,AUSTRALIAN COBBERDOG,2,0.0
2023,DOG,PUG,487,0.0105
2023,DOG,MINIATURE SCHNAUZER,568,0.0123
2023,DOG,SKYE TERRIER,2,0.0
2023,DOG,AFFENPINSCHER,9,2.0E-4
2023,DOG,ANATOLIAN SHEPHERD DOG,36,8.0E-4
2023,DOG,TAMASKAN,1,0.0
2023,DOG,SHEEPADOODLE,2,0.0
2023,DOG,BEAUCERON,2,0.0
2023,DOG,REDBONE COONHOUND,21,5.0E-4
2023,DOG,IBIZAN HOUND,3,1.0E-4
2023,DOG,FOX TERRIER WIRE,57,0.0012
2023,DOG,PEKINGESE,61,0.0013
2023,DOG,AMERICAN FOXHOUND,25,5.0E-4
2023,DOG,WELSH TERRIER,27,6.0E-4
2023,DOG,GLEN OF IMAAL TERRIER,4,1.0E-4
2023,DOG,DOBERMAN PINSCHER,288,0.0062
2023,DOG,TERRIER MIX,1,0.0
2023,DOG,BOERBOEL,10,2.0E-4
2023,DOG,AMERICAN STAFFORDSHIRE TERRIER,66,0.0014
2023,DOG,MAREMMA SHEEPDOG,25,5.0E-4
2023,DOG,ALASKAN KLEE KAI,15,3.0E-4
2023,DOG,SILKEN WINDHOUND,1,0.0
2023,DOG,BULL TERRIER,61,0.0013
2023,DOG,CANAAN DOG,15,3.0E-4
2023,DOG,SCOTTISH DEERHOUND,7,2.0E-4
2023,DOG,ALASKAN MALAMUTE,73,0.0016
2023,DOG,PYRENEAN SHEPHERD,5,1.0E-4
2023,DOG,WEST HIGHLAND WHITE TERRIER,347,0.0075
2023,DOG,BULLMASTIFF,74,0.0016
2023,DOG,SHIH TZU MIX,1,0.0
2023,DOG,PEMBROKE WELSH CORGI,256,0.0055
2023,DOG,MALTESE,1245,0.0269
2023,DOG,CHOW CHOW MIX,1,0.0
2023,DOG,CHIHUAHUA LONGHAIR,83,0.0018
2023,DOG,SPANISH WATER DOG,12,3.0E-4
2023,DOG,AMERICAN PIT BULL TERRIER,56,0.0012
2023,DOG,COLLIE ROUGH,114,0.0025
2023,DOG,BLUETICK COONHOUND,17,4.0E-4
2023,DOG,AFGHAN HOUND,1,0.0
2023,DOG,BOYKIN SPANIEL,3,1.0E-4
2023,DOG,PATTERDALE TERRIER,9,2.0E-4
2023,DOG,BORDER TERRIER,100,0.0022
2023,DOG,BASSET HOUND,82,0.0018
2023,DOG,AKITA,71,0.0015
2023,DOG,MUNSTERLANDER,26,6.0E-4
2023,DOG,MASTIFF,140,0.003
2023,DOG,NOVA SCOTIA DUCK TOLLING RETRIEVER,89,0.0019
2023,DOG,NORWICH TERRIER,22,5.0E-4
2023,DOG,RHODESIAN RIDGEBACK,111,0.0024
2023,DOG,ALASKAN HUSKY,91,0.002
2023,DOG,BRITTANY,113,0.0024
2023,DOG,DACHSHUND MINIATURE,265,0.0057
2023,DOG,SIBERIAN HUSKY,1321,0.0285
2023,DOG,EURASIER,13,3.0E-4
2023,DOG,ENGLISH FOXHOUND,12,3.0E-4
2023,DOG,KUVASZ,7,2.0E-4
2023,DOG,SPINONE ITALIANO,15,3.0E-4
2023,DOG,INDIAN PARIAH DOG,2,0.0
2023,DOG,CANE CORSO,287,0.0062
2023,DOG,CAIRN TERRIER,137,0.003
2023,DOG,AUSTRALIAN CATTLE DOG,237,0.0051
2023,DOG,SHIHPOO,2,0.0
2023,DOG,SWISS HOUND,1,0.0
2023,DOG,PARSON RUSSELL TERRIER,770,0.0166
2023,DOG,BELGIAN MALINOIS,105,0.0023
2023,DOG,FORMOSAN MOUNTAIN DOG,12,3.0E-4
2023,DOG,NORFOLK TERRIER,30,6.0E-4
2023,DOG,BARBET,15,3.0E-4
2023,DOG,DACHSHUND LONGHAIRED,35,8.0E-4
2023,DOG,SHETLAND SHEEPDOG,200,0.0043
2023,DOG,PUMI,1,0.0
2023,DOG,WIREHAIRED VIZSLA,7,2.0E-4
2023,DOG,CAVALIER KING CHARLES SPANIEL,421,0.0091
2023,DOG,MINIATURE PINSCHER,182,0.0039
2023,DOG,GERMAN SHEPHERD DOG,2298,0.0497
2023,DOG,FINNISH SPITZ,18,4.0E-4
2023,DOG,PORTUGUESE WATER DOG,428,0.0092
2023,DOG,LOWCHEN,3,1.0E-4
2023,DOG,HAVANESE,591,0.0128
2023,DOG,HOVAWART,3,1.0E-4
2023,DOG,VIZSLA,191,0.0041
2023,DOG,GANARASKAN,51,0.0011
2023,DOG,BELGIAN SHEEPDOG,6,1.0E-4
2023,DOG,ENGLISH POINTER,19,4.0E-4
2023,DOG,WHEATON TERRIOR,1,0.0
2023,DOG,CHORKIE,2,0.0
2023,DOG,BORDER COLLIE,957,0.0207
2023,DOG,YORKSHIRE TERRIER,1190,0.0257
2023,DOG,PORTUGUESE PODENGO PEQUENO,33,7.0E-4
2023,DOG,LAGOTTO ROMNGIO,1,0.0
2023,DOG,AIREDALE TERRIER,77,0.0017
2023,DOG,OLDE ENGLISH BULLDOGGE,81,0.0018
2023,DOG,BOUVIER DES FLANDRES,52,0.0011
2023,DOG,CAROLINA DOG,19,4.0E-4
2023,DOG,LEONBERGER,22,5.0E-4
2023,DOG,GERMAN WIREHAIRED POINTER,8,2.0E-4
2023,DOG,TERRIER,581,0.0126
2023,DOG,GOLDEN RETRIEVER,3669,0.0793
2023,DOG,SCHIPPERKE,8,2.0E-4
2023,DOG,POINTER,58,0.0013
2023,DOG,CAUCASIAN SHEPHERD DOG,1,0.0
2023,DOG,JAPANESE CHIN,11,2.0E-4
2023,DOG,GOLDENDOODLE,4,1.0E-4
2023,DOG,PUG X POODLE,1,0.0
2023,DOG,SCHAPENDOES,21,5.0E-4
2023,DOG,AMERICAN BULLDOG,877,0.019
2023,DOG,COTON DE TULEAR,189,0.0041
2023,DOG,MONGREL,1,0.0
2023,DOG,RUSSIAN TOY TERRIER,2,0.0
2023,DOG,ENTLEBUCHER MOUNTAIN DOG,9,2.0E-4
2023,DOG,BLUE LACY,3,1.0E-4
2023,DOG,BASENJI,49,0.0011
2023,DOG,AUSTRALIAN TERRIER,12,3.0E-4
2023,DOG,TIBETAN MASTIFF,5,1.0E-4
2023,DOG,AMERICAN WATER SPANIEL,2,0.0
2023,DOG,POMERANIAN,712,0.0154
2023,DOG,TREEING WALKER COONHOUND,19,4.0E-4
2023,DOG,WOLF HYBRID,2,0.0
2023,DOG,AUSSIEDOODLE,1,0.0
2023,DOG,ENGLISH BULLDOG,135,0.0029
2023,DOG,LHASA APSO,101,0.0022
2023,DOG,ENGLISH SPRINGER SPANIEL,203,0.0044
2023,DOG,POODLE MINIATURE,1856,0.0401
2023,DOG,SPANIEL,1,0.0
2023,DOG,TIBETAN TERRIER,35,8.0E-4
2023,DOG,PULI,14,3.0E-4
2023,DOG,LAGOTTO,1,0.0
2023,DOG,CHIHUAHUA,4,1.0E-4
2023,DOG,LABRADOR RETRIEVER,4740,0.1024
2023,DOG,ITALIAN GREYHOUND,61,0.0013
2023,DOG,AUSTRALIAN SHEPHERD,1165,0.0252
2023,DOG,TIBETAN SPANIEL,20,4.0E-4
2023,DOG,DACHSHUND STANDARD,2,0.0
2023,DOG,MINI BULLDOG,1,0.0
2023,DOG,SILKY TERRIER,8,2.0E-4
2023,DOG,BRIARD,9,2.0E-4
2023,DOG,PETIT BASSET GRIFFON VENDEEN,7,2.0E-4
2023,DOG,BENGAL,2,0.0
2023,DOG,PRESA CANARIO,56,0.0012
2023,DOG,GIANT SCHNAUZER,20,4.0E-4
2023,DOG,IRISH TERRIER,29,6.0E-4
2023,DOG,HARRIER,2,0.0
2023,DOG,LABRADOODLE,3,1.0E-4
2023,DOG,TREEING CUR,10,2.0E-4
2023,DOG,LAGOTTO ROMAGNOLO,35,8.0E-4
2023,DOG,ENGLISH COCKER SPANIEL,58,0.0013
2023,DOG,POTCAKE,29,6.0E-4
2023,DOG,JINDO,132,0.0029
2023,DOG,CARDIGAN WELSH CORGI,184,0.004
2023,DOG,GORDON SETTER,4,1.0E-4
2023,DOG,ENGLISH SHEPHERD,3,1.0E-4
2023,DOG,CHINESE CRESTED,46,0.001
2023,DOG,SHIKOKU,1,0.0
2023,DOG,BERNEDOODLE,13,3.0E-4
2023,DOG,MANCHESTER TERRIER,9,2.0E-4
2023,DOG,IRISH WOLFHOUND,25,5.0E-4
2023,DOG,SPHYNX,1,0.0
2023,DOG,JACK RUSSELL TERRIER,6,1.0E-4
2023,DOG,FLAT COATED RETRIEVER,44,0.001
2023,DOG,BLACK MOUTH CUR,33,7.0E-4
2023,DOG,CHESAPEAKE BAY RETRIEVER,26,6.0E-4
2023,DOG,SALUKI,27,6.0E-4
2023,DOG,NORWEGIAN BUHUND,7,2.0E-4
2023,DOG,GREAT PYRENEES,106,0.0023
2023,DOG,POODLE,4,1.0E-4
2023,DOG,BERNESE HOUND,7,2.0E-4
2023,DOG,BERNESE MOUNTAIN DOG,693,0.015
2023,DOG,PICARDY SHEEPDOG,6,1.0E-4
2023,DOG,BLOODHOUND,8,2.0E-4
2023,DOG,SAINT BERNARD ROUGH,73,0.0016
2023,DOG,BULLDOG,145,0.0031
2023,DOG,GREAT DANE,130,0.0028
2023,DOG,AMERICAN BULLY,33,7.0E-4
2023,DOG,LABADOR,1,0.0
2023,DOG,SHIHTZU,2006,0.0433
2023,DOG,POODLE TOY,541,0.0117
2023,DOG,KERRY BLUE TERRIER,11,2.0E-4
2023,DOG,FEIST,83,0.0018
2023,DOG,WELSH SPRINGER SPANIEL,38,8.0E-4
2023,DOG,TREEING TENNESSEE BRINDLE,2,0.0
2023,DOG,SAINT BERNARD SMOOTH,32,7.0E-4
2023,DOG,BRUSSELS GRIFFON,47,0.001
2023,DOG,DUTCH SHEPHERD,36,8.0E-4
2023,DOG,CLUMBER SPANIEL,1,0.0
2023,DOG,SUSSEX SPANIEL,2,0.0
2023,DOG,BELGIAN GROENENDAEL,1,0.0
2023,DOG,FILA BRASILEIRO,10,2.0E-4
2023,DOG,DALMATIAN,55,0.0012
2023,DOG,SLOVENSKY KOPOV,2,0.0
2023,DOG,MEXICAN VILLAGE,1,0.0
2023,DOG,OLD ENGLISH SHEEPDOG,155,0.0033
2023,DOG,TOY FOX TERRIER,8,2.0E-4
2023,DOG,PLOTT HOUND,29,6.0E-4
2025,DOG,CAUCASIAN SHEPHERD DOG,1,0.0
2025,DOG,MIXED BREED ROT,1,0.0
2025,DOG,PUDELPOINTER,5,1.0E-4
2025,DOG,SAMOYED,181,0.0042
2025,DOG,DUTCH SHEPHERD,28,7.0E-4
2025,DOG,DACHSHUND,291,0.0068
2025,DOG,KUVASZ,7,2.0E-4
2025,DOG,LABRADOODLE,3,1.0E-4
2025,DOG,SOFT COATED WHEATEN TERRIER,244,0.0057
2025,DOG,ENGLISH COCKER SPANIEL,73,0.0017
2025,DOG,GOLDEN RETRIEVER,3405,0.0793
2025,DOG,RAT TERRIER - B,2,0.0
2025,DOG,CHIHUAHUA LONGHAIR,118,0.0027
2025,DOG,PATTERDALE TERRIER,4,1.0E-4
2025,DOG,DACHSHUND MINIATURE,303,0.0071
2025,DOG,AKBASH,5,1.0E-4
2025,DOG,CHIWEENIE,2,0.0
2025,DOG,SHIH TZU X TOY,1,0.0
2025,DOG,ICELANDIC SHEEPDOG,2,0.0
2025,DOG,RHODESIAN RIDGEBACK,81,0.0019
2025,DOG,SILKEN WINDHOUND,4,1.0E-4
2025,DOG,FINNISH SPITZ,16,4.0E-4
2025,DOG,POMERANIAN,660,0.0154
2025,DOG,PARSON RUSSELL TERRIER,548,0.0128
2025,DOG,CHIHUAHUA SHORTHAIR,1354,0.0315
2025,DOG,SKYE TERRIER,6,1.0E-4
2025,DOG,NEWFOUNDLAND,60,0.0014
2025,DOG,MIXBREED,1,0.0
2025,DOG,CORGI-BLUE HEEL,1,0.0
2025,DOG,BORDER TERRIER,82,0.0019
2025,DOG,FOX TERRIER WIRE,40,9.0E-4
2025,DOG,WHIOPET,1,0.0
2025,DOG,CROSS LAB & GOL,1,0.0
2025,DOG,CAROLINA DOG,12,3.0E-4
2025,DOG,DACHSHUND LONGHAIRED,39,9.0E-4
2025,DOG,BOXER,453,0.0106
2025,DOG,PUMI,1,0.0
2025,DOG,AMERICAN COCKER SPANIEL,5,1.0E-4
2025,DOG,BARBET,16,4.0E-4
2025,DOG,ENG TOY SPANIEL,1,0.0
2025,DOG,GREAT DANE,148,0.0034
2025,DOG,PEMBROKE WELSH CORGI,338,0.0079
2025,DOG,PUDDLE,1,0.0
2025,DOG,PORTUGUESE WATER DOG,343,0.008
2025,DOG,RAT TERRIER,89,0.0021
2025,DOG,KOMONDOR,3,1.0E-4
2025,DOG,MALTESE MIX PAR,1,0.0
2025,DOG,GREYHOUND,95,0.0022
2025,DOG,GLEN OF IMAAL TERRIER,3,1.0E-4
2025,DOG,ENGLISH SETTER,27,6.0E-4
2025,DOG,SHIBA INU,293,0.0068
2025,DOG,AKITA,88,0.002
2025,DOG,GOLDENDOODLE,8,2.0E-4
2025,DOG,BERNESE HOUND,4,1.0E-4
2025,DOG,ENGLISH SHEPHERD,5,1.0E-4
2025,DOG,LANDSEER,2,0.0
2025,DOG,POLISH LOWLAND SHEEPDOG,6,1.0E-4
2025,DOG,SWISS HOUND,2,0.0
2025,DOG,ENGLISH FOXHOUND,7,2.0E-4
2025,DOG,JINDO,183,0.0043
2025,DOG,GERMAN SHEPHERD DOG,2108,0.0491
2025,DOG,MINIATURE SCHNAUZER,493,0.0115
2025,DOG,COCKAPOO (COCKE,1,0.0
2025,DOG,FLAT COATED RETRIEVER,39,9.0E-4
2025,DOG,HOVAWART,2,0.0
2025,DOG,FIELD SPANIEL,5,1.0E-4
2025,DOG,BORZOI,6,1.0E-4
2025,DOG,PORTUGUESE PODENGO PEQUENO,26,6.0E-4
2025,DOG,DOBERMAN PINSCHER,221,0.0051
2025,DOG,DANDIE DINMONT TERRIER,4,1.0E-4
2025,DOG,PUG X POODLE,1,0.0
2025,DOG,TREEING CUR,11,3.0E-4
2025,DOG,STAFFORDSHIRE BULL TERRIER,21,5.0E-4
2025,DOG,POODLE TOY,512,0.0119
2025,DOG,MALTIPOO (MALTE,2,0.0
2025,DOG,ENGLISH SPRINGER SPANIEL,175,0.0041
2025,DOG,INDIAN PARIAH DOG,2,0.0
2025,DOG,MIX SHIH TZU BI,1,0.0
2025,DOG,BEDLINGTON TERRIER,19,4.0E-4
2025,DOG,SILKY TERRIER,4,1.0E-4
2025,DOG,SWEDISH VALLHUND,3,1.0E-4
2025,DOG,BELGIAN GROENENDAEL,1,0.0
2025,DOG,BLACK MOUTH CUR,32,7.0E-4
2025,DOG,CHINESE CRESTED,32,7.0E-4
2025,DOG,EURASIER,28,7.0E-4
2025,DOG,DOGO ARGENTINO,51,0.0012
2025,DOG,BLACK AND TAN COONHOUND,3,1.0E-4
2025,DOG,NORWICH TERRIER,21,5.0E-4
2025,DOG,POTCAKE,34,8.0E-4
2025,DOG,UKNOWN,1,0.0
2025,DOG,AMERICAN BULLY POCKET,4,1.0E-4
2025,DOG,GERMAN SHEPPHER,2,0.0
2025,DOG,AMERICAN BULL T,1,0.0
2025,DOG,BRITTANY,122,0.0028
2025,DOG,YORKIE MALTESE,1,0.0
2025,DOG,YORKSHIRE TERRIER,930,0.0217
2025,DOG,SUSSEX SPANIEL,2,0.0
2025,DOG,BEARDED COLLIE,16,4.0E-4
2025,DOG,PITBULL CANE CO,1,0.0
2025,DOG,BELGIAN MALINOIS,96,0.0022
2025,DOG,NEWFYPOO,1,0.0
2025,DOG,POODLE CROSS,1,0.0
2025,DOG,GERMAN SHORTHAIRED POINTER,118,0.0027
2025,DOG,AUSSIEDOODLE,7,2.0E-4
2025,DOG,MCNAB DOG,1,0.0
2025,DOG,WHITE SHEPHERD,1,0.0
2025,DOG,KEESHOND,21,5.0E-4
2025,DOG,WHOODLE,1,0.0
2025,DOG,CHINESE SHAR-PEI,65,0.0015
2025,DOG,ALASKAN KLEE KAI,65,0.0015
2025,DOG,CHIHUAHUA MIX,3,1.0E-4
2025,DOG,BICHON FRISÃ©,1,0.0
2025,DOG,HUSKY ROTTTWEIL,1,0.0
2025,DOG,HARRIER,1,0.0
2025,DOG,MONGREL,1,0.0
2025,DOG,BEAGLE,666,0.0155
2025,DOG,ENGLISH POINTER,13,3.0E-4
2025,DOG,TIBETAN TERRIER,18,4.0E-4
2025,DOG,KANGAL,8,2.0E-4
2025,DOG,SHIH TZU MIX,1,0.0
2025,DOG,ITALIAN GREYHOUND,37,9.0E-4
2025,DOG,MORKIE,3,1.0E-4
2025,DOG,ENGLISH BULLDOG,155,0.0036
2025,DOG,MINIATURE PINSCHER,153,0.0036
2025,DOG,TIBETAN MASTIFF,8,2.0E-4
2025,DOG,KELLI LABRADOOD,1,0.0
2025,DOG,MIXED LAB CROSS,1,0.0
2025,DOG,POINTER,72,0.0017
2025,DOG,SHEEPADOODLE,2,0.0
2025,DOG,IRISH WATER SPANIEL,4,1.0E-4
2025,DOG,BOSTON TERRIER,400,0.0093
2025,DOG,MUNSTERLANDER,19,4.0E-4
2025,DOG,BULLMASTIFF,53,0.0012
2025,DOG,BULL TERRIER,55,0.0013
2025,DOG,KARELIAN BEAR DOG,2,0.0
2025,DOG,MIXED BREED,55,0.0013
2025,DOG,WEIMARANER,50,0.0012
2025,DOG,ALASKAN MALAMUTE,62,0.0014
2025,DOG,AMER STAFF MIX,1,0.0
2025,DOG,SCHAPENDOES,13,3.0E-4
2025,DOG,NOVA SCOTIA DUCK TOLLING RETRIEVER,80,0.0019
2025,DOG,SAINT BERNARD SMOOTH,33,8.0E-4
2025,DOG,MICRO BULLY,1,0.0
2025,DOG,HUSKY/RIDGEBACK,1,0.0
2025,DOG,WHIPPET,178,0.0041
2025,DOG,IRISH WOLFHOUND,23,5.0E-4
2025,DOG,GREAT PYRENEES,98,0.0023
2025,DOG,MORKIE (MALTESE,2,0.0
2025,DOG,MALTESE,1113,0.0259
2025,DOG,SWISS BULLDOG,1,0.0
2025,DOG,BOERBOEL,4,1.0E-4
2025,DOG,BIEWER TERRIER,4,1.0E-4
2025,DOG,MINIATURE AMERICAN SHEPHERD,5,1.0E-4
2025,DOG,SAINT BERNARD ROUGH,64,0.0015
2025,DOG,CHESAPEAKE BAY RETRIEVER,36,8.0E-4
2025,DOG,JAPANESE CHIN,17,4.0E-4
2025,DOG,LHASO APSO (SHO,1,0.0
2025,DOG,FOX TERRIER SMOOTH,31,7.0E-4
2025,DOG,BOUVIER DES FLANDRES,46,0.0011
2025,DOG,MAREMMA SHEEPDOG,21,5.0E-4
2025,DOG,PULI,8,2.0E-4
2025,DOG,SHIH TZU POODLE,1,0.0
2025,DOG,AMERICAN BULLY,286,0.0067
2025,DOG,GRAND BASSET GRIFFON VENDEEN,3,1.0E-4
2025,DOG,DOGUE DE BORDEAUX,14,3.0E-4
2025,DOG,BRUSSELS GRIFFON,43,0.001
2025,DOG,SHIHTZU,1656,0.0386
2025,DOG,TERRIOR MIX,1,0.0
2025,DOG,MASTIFF - LAB M,1,0.0
2025,DOG,COBBEDOG LABRAD,1,0.0
2025,DOG,TERRIER,515,0.012
2025,DOG,BICHON MALTES,1,0.0
2025,DOG,MIX OF SHIHPOO,1,0.0
2025,DOG,GERMAN WIREHAIRED POINTER,12,3.0E-4
2025,DOG,SPANISH WATER DOG,10,2.0E-4
2025,DOG,LAGOTTO ROMAGNOLO,47,0.0011
2025,DOG,BLUETICK COONHOUND,18,4.0E-4
2025,DOG,BERNESE MOUNTAIN DOG,674,0.0157
2025,DOG,XOLOITZCUINTLI,11,3.0E-4
2025,DOG,UNKNOWN,1095,0.0255
2025,DOG,PYRENEAN SHEPHERD,5,1.0E-4
2025,DOG,COCKER SPANIEL,1669,0.0389
2025,DOG,ANATOLIAN SHEPHERD DOG,28,7.0E-4
2025,DOG,TREEING WALKER COONHOUND,16,4.0E-4
2025,DOG,AMERICAN STAFFORDSHIRE TERRIER,54,0.0013
2025,DOG,AUSTRALIAN COBBERDOG,2,0.0
2025,DOG,PRESA CANARIO,57,0.0013
2025,DOG,TOY FOX TERRIER,11,3.0E-4
2025,DOG,ROTTWEILER MIX,3,1.0E-4
2025,DOG,PHARAOH HOUND,5,1.0E-4
2025,DOG,CHORKIE,2,0.0
2025,DOG,BORDER COLLIE,835,0.0194
2025,DOG,PLOTT HOUND,26,6.0E-4
2025,DOG,MANCHESTER TERRIER,9,2.0E-4
2025,DOG,LAKELAND TERRIER,7,2.0E-4
2025,DOG,MAREMMANO-ABRUZ,1,0.0
2025,DOG,NORWEGIAN BUHUND,4,1.0E-4
2025,DOG,ENTLEBUCHER MOUNTAIN DOG,12,3.0E-4
2025,DOG,GERMAN PINSCHER,10,2.0E-4
2025,DOG,CARDIGAN WELSH,1,0.0
2025,DOG,BULLDOG,119,0.0028
2025,DOG,ENGLISH TOY SPANIEL,2,0.0
2025,DOG,POODLE STANDARD,974,0.0227
2025,DOG,FRENCH BULLDOG,525,0.0122
2025,DOG,AIREDALE TERRIER,52,0.0012
2025,DOG,FEIST,72,0.0017
2025,DOG,MIX CHIHUAHUA A,1,0.0
2025,DOG,COLLIE SMOOTH,65,0.0015
2025,DOG,AUSTRALIAN KELPIE,36,8.0E-4
2025,DOG,SIBERIAN HUSKY,1156,0.0269
2025,DOG,SPINONE ITALIANO,9,2.0E-4
2025,DOG,KERRY BLUE TERRIER,8,2.0E-4
2025,DOG,PAPILLON,76,0.0018
2025,DOG,COLLIE ROUGH,100,0.0023
2025,DOG,MICRO EXOTIC BU,1,0.0
2025,DOG,VIZSLA (SMOOTH),1,0.0
2025,DOG,TERRIER MIX,2,0.0
2025,DOG,CATAHOULA LEOPARD DOG,90,0.0021
2025,DOG,ENGLISH COONHOUND,42,0.001
2025,DOG,LHASA APSO,73,0.0017
2025,DOG,SCHNAUZER,1,0.0
2025,DOG,SHIH TZU,3,1.0E-4
2025,DOG,POODLE MINIATURE,1514,0.0353
2025,DOG,BRACCO ITALIANO,1,0.0
2025,DOG,WOLF HYBRID,2,0.0
2025,DOG,SHIHPOO,5,1.0E-4
2025,DOG,CHOW CHOW,106,0.0025
2025,DOG,BELGIAN TERVUREN,5,1.0E-4
2025,DOG,AKBASH GREAT PY,1,0.0
2025,DOG,VIZSLA,157,0.0037
2025,DOG,TIBETAN SPANIEL,14,3.0E-4
2025,DOG,BULLY CORSO,1,0.0
2025,DOG,CARDIGAN WELSH CORGI,158,0.0037
2025,DOG,CANAAN DOG,8,2.0E-4
2025,DOG,WIREHAIRED POINTING GRIFFON,17,4.0E-4
2025,DOG,ROTTWEILER,592,0.0138
2025,DOG,GERMAN POINTER,2,0.0
2025,DOG,CANE CORSO,290,0.0068
2025,DOG,LOWCHEN,2,0.0
2025,DOG,MIXED BREAD,1,0.0
2025,DOG,BICHON FRISÃ© M,1,0.0
2025,DOG,OLD ENGLISH SHEEPDOG,129,0.003
2025,DOG,BULLDOG X,1,0.0
2025,DOG,AMERICAN PIT BULL TERRIER MIX,1,0.0
2025,DOG,SCOTTISH DEERHOUND,7,2.0E-4
2025,DOG,NORWEGIAN ELKHOUND,21,5.0E-4
2025,DOG,BERNEDOODLE (BE,1,0.0
2025,DOG,PEKINGESE,56,0.0013
2025,DOG,SHILOH SHEPHERD,4,1.0E-4
2025,DOG,AMERICAN BULLY MICRO,1,0.0
2025,DOG,RUSSIAN TOY TERRIER,1,0.0
2025,DOG,AUSTRALIAN SHEPHERD,1158,0.027
2025,DOG,BRIARD,8,2.0E-4
2025,DOG,NEAPOLITAN MASTIFF,2,0.0
2025,DOG,MINIATURE BULL TERRIER,14,3.0E-4
2025,DOG,PORTIDOODLE,1,0.0
2025,DOG,COCKAPOO,1,0.0
2025,DOG,SHI-POO,1,0.0
2025,DOG,CIRNECO DELLETNA,2,0.0
2025,DOG,FILA BRASILEIRO,6,1.0E-4
2025,DOG,CAVALIER KING CHARLES SPANIEL,419,0.0098
2025,DOG,OLDE ENGLISH BULLDOGGE,72,0.0017
2025,DOG,HAVANESE,553,0.0129
2025,DOG,SETTER (IRISH),1,0.0
2025,DOG,AFRICANIS,1,0.0
2025,DOG,FRENCH SPANIEL,1,0.0
2025,DOG,FOX TERRIER (SM,1,0.0
2025,DOG,PARSON JACK RUSSELL TERRIER,1,0.0
2025,DOG,IRISH SETTER,46,0.0011
2025,DOG,KOOIKERHONDJE,1,0.0
2025,DOG,AMERICAN ESKIMO DOG,111,0.0026
2025,DOG,MIXED - BEAGLE,1,0.0
2025,DOG,SPANIEL (FRENCH,1,0.0
2025,DOG,GANARASKAN,33,8.0E-4
2025,DOG,AUSTRALIAN TERRIER,8,2.0E-4
2025,DOG,BLUE LACY,2,0.0
2025,DOG,JAVANESE,1,0.0
2025,DOG,LEONBERGER,20,5.0E-4
2025,DOG,AMERICAN WATER SPANIEL,1,0.0
2025,DOG,IBIZAN HOUND,2,0.0
2025,DOG,COTON DE TULEAR,149,0.0035
2025,DOG,MALTESE MIX,1,0.0
2025,DOG,REDBONE COONHOUND,16,4.0E-4
2025,DOG,BORDER COLLIE S,1,0.0
2025,DOG,AMERICAN PIT BULL TERRIER,52,0.0012
2025,DOG,SHEPPARD LABRAD,1,0.0
2025,DOG,PUG,402,0.0094
2025,DOG,SALUKI,26,6.0E-4
2025,DOG,WEST HIGHLAND WHITE TERRIER,280,0.0065
2025,DOG,BRITTANYPOO,1,0.0
2025,DOG,GREEK SHEPPARD,1,0.0
2025,DOG,BICHON POODLE,1,0.0
2025,DOG,POODLE,3,1.0E-4
2025,DOG,BULLDOG AMERICA,1,0.0
2025,DOG,GIANT SCHNAUZER,19,4.0E-4
2025,DOG,POMSKY,2,0.0
2025,DOG,GORDON SETTER,2,0.0
2025,DOG,BEAUCERON,2,0.0
2025,DOG,SHEPHERD MALINI,1,0.0
2025,DOG,BREED UNKNOWN,6,1.0E-4
2025,DOG,FORMOSAN MOUNTAIN DOG,12,3.0E-4
2025,DOG,CHUG,1,0.0
2025,DOG,IRISH TERRIER,18,4.0E-4
2025,DOG,TERRIER AND YOR,1,0.0
2025,DOG,CHINESE SHAR-PE,1,0.0
2025,DOG,DACHSHUND STANDARD,3,1.0E-4
2025,DOG,LABRADOR RETRIEVER,4121,0.096
2025,DOG,PORTUGUESE CATTLE DOG,1,0.0
2025,DOG,LABRADOR RETRIE,2,0.0
2025,DOG,JACK RUSSELL TERRIER,13,3.0E-4
2025,DOG,SHETLAND SHEEPDOG,172,0.004
2025,DOG,BLACK RUSSIAN TERRIER,9,2.0E-4
2025,DOG,AMERICAN FOXHOUND,14,3.0E-4
2025,DOG,SEALYHAM TERRIER,2,0.0
2025,DOG,HOUND,215,0.005
2025,DOG,CHIHUAHUA,3,1.0E-4
2025,DOG,WELSH SPRINGER SPANIEL,31,7.0E-4
2025,DOG,BELGIAN SHEPHERD DOG,2,0.0
2025,DOG,MASTIFF,218,0.0051
2025,DOG,BICHON FRISE,512,0.0119
2025,DOG,BOYKIN SPANIEL,1,0.0
2025,DOG,TAMASKAN,1,0.0
2025,DOG,SHEPHERD LAB MI,1,0.0
2025,DOG,AMERICAN BULLDOG,1019,0.0237
2025,DOG,WIREHAIRED VIZSLA,10,2.0E-4
2025,DOG,AUSTRALIAN CATTLE DOG,204,0.0048
2025,DOG,BERNEDOODLE,13,3.0E-4
2025,DOG,ALASKAN HUSKY,60,0.0014
2025,DOG,KOOLIE,1,0.0
2025,DOG,BLUE CANE CORSO,1,0.0
2025,DOG,GOLDEN RETR - P,1,0.0
2025,DOG,NORFOLK TERRIER,24,6.0E-4
2025,DOG,SCHIPPERKE,6,1.0E-4
2025,DOG,BASSET HOUND,68,0.0016
2025,DOG,CAIRN TERRIER,102,0.0024
2025,DOG,STANDARD SCHNAUZER,113,0.0026
2025,DOG,BASENJI,37,9.0E-4
2025,DOG,GREATER SWISS MOUNTAIN DOG,14,3.0E-4
2025,DOG,BLOODHOUND,9,2.0E-4
2025,DOG,PICARDY SHEEPDOG,2,0.0
2025,DOG,WELSH TERRIER,17,4.0E-4
2025,DOG,PETIT BASSET GRIFFON VENDEEN,3,1.0E-4
2025,DOG,YELLOW LABRADOR,1,0.0
2025,DOG,SCOTTISH TERRIER,57,0.0013
2025,DOG,LONG HAIRED DAC,1,0.0
2025,DOG,DACHSHUND WIREHAIRED,10,2.0E-4
2025,DOG,BELGIAN SHEEPDOG,20,5.0E-4
2025,DOG,HAVANESE MIX,1,0.0
2025,DOG,AFFENPINSCHER,7,2.0E-4
2025,DOG,DALMATIAN,40,9.0E-4
2025,DOG,MOUNTAIN CUR,2,0.0
2024,CAT,AMERICAN SHORTHAIR,169,0.0084
2024,CAT,MIXED BREED,3,1.0E-4
2024,CAT,HAVANA BROWN,1,0.0
2024,CAT,SCOTTISH STRAIGHT,2,1.0E-4
2024,CAT,BENGAL,230,0.0114
2024,CAT,PERSIAN,151,0.0075
2024,CAT,MUNCHKIN,8,4.0E-4
2024,CAT,KORAT,4,2.0E-4
2024,CAT,SOMALI,1,0.0
2024,CAT,DEVON REX,44,0.0022
2024,CAT,BALINESE,10,5.0E-4
2024,CAT,SPHYNX,37,0.0018
2024,CAT,EGYPTIAN MAU,14,7.0E-4
2024,CAT,EUROPEAN SHORTHAIR,30,0.0015
2024,CAT,PIXIE-BOB,2,1.0E-4
2024,CAT,DOMESTIC MEDIUMHAIR,1660,0.0821
2024,CAT,DOMESTIC LONGHAIR,1350,0.0668
2024,CAT,CORNISH REX,8,4.0E-4
2024,CAT,OCICAT,4,2.0E-4
2024,CAT,HIMALAYAN,75,0.0037
2024,CAT,BRITISH SHORTHAIR,162,0.008
2024,CAT,EXOTIC SHORTHAIR,29,0.0014
2024,CAT,SAVANNAH,13,6.0E-4
2024,CAT,RAGDOLL,219,0.0108
2024,CAT,TURKISH VAN,12,6.0E-4
2024,CAT,BURMESE,45,0.0022
2024,CAT,BIRMAN,10,5.0E-4
2024,CAT,MALAYAN,1,0.0
2024,CAT,DOMESTIC SHORTHAIR,14994,0.7414
2024,CAT,TOYBOB,1,0.0
2024,CAT,AMERICAN CURL,11,5.0E-4
2024,CAT,TURKISH ANGORA,21,0.001
2024,CAT,ABYSSINIAN,31,0.0015
2024,CAT,MAINE COON,198,0.0098
2024,CAT,ORIENTAL SHORTHAIR,11,5.0E-4
2024,CAT,RUSSIAN BLUE,103,0.0051
2024,CAT,SNOWSHOE,7,3.0E-4
2024,CAT,SIAMESE,321,0.0159
2024,CAT,CHARTREUX,4,2.0E-4
2024,CAT,MANX,13,6.0E-4
2024,CAT,SCOTTISH,2,1.0E-4
2024,CAT,BOMBAY,74,0.0037
2024,CAT,UNKNOWN,3,1.0E-4
2024,CAT,CHANTILLY TIFFANY,4,2.0E-4
2024,CAT,NORWEGIAN FOREST CAT,20,0.001
2024,CAT,SCOTTISH FOLD,109,0.0054
2024,CAT,AMERICAN WIREHAIR,3,1.0E-4
2025,CAT,SCOTTISH FOLD,116,0.0065
2025,CAT,SHORT HAIRED CA,1,1.0E-4
2025,CAT,TABBY DOMESTIC,1,1.0E-4
2025,CAT,SAVANNAH,11,6.0E-4
2025,CAT,BRITISH SHORTHAIR,212,0.0118
2025,CAT,EGYPTIAN MAU,13,7.0E-4
2025,CAT,EUROPEAN SHORTHAIR,19,0.0011
2025,CAT,DONSKOY,1,1.0E-4
2025,CAT,DOMESTIC SHORTHAIR,13208,0.7361
2025,CAT,EXOTIC SHORTHAIR,12,7.0E-4
2025,CAT,KORAT,3,2.0E-4
2025,CAT,TURKISH ANGORA,16,9.0E-4
2025,CAT,TORTOISESHELL,2,1.0E-4
2025,CAT,MANX,7,4.0E-4
2025,CAT,HAVANA BROWN,2,1.0E-4
2025,CAT,CORNISH REX,9,5.0E-4
2025,CAT,SNOWSHOE,11,6.0E-4
2025,CAT,ABYSSINIAN,33,0.0018
2025,CAT,RUSSIAN BLUE,117,0.0065
2025,CAT,CLASSIC SHORT H,1,1.0E-4
2025,CAT,NO BREED,1,1.0E-4
2025,CAT,SCOTTISH,1,1.0E-4
2025,CAT,HIMALAYAN,86,0.0048
2025,CAT,AMERICAN CURL,8,4.0E-4
2025,CAT,SCOTTISH STRAIGHT,5,3.0E-4
2025,CAT,SIAMESE + DOMES,1,1.0E-4
2025,CAT,OCICAT X,1,1.0E-4
2025,CAT,MAINE COON,203,0.0113
2025,CAT,PERSIAN,130,0.0072
2025,CAT,UNSURE,1,1.0E-4
2025,CAT,AMERICAN WIREHAIR,4,2.0E-4
2025,CAT,HAVANESE,1,1.0E-4
2025,CAT,SIAMESE AND TAB,1,1.0E-4
2025,CAT,DOMESTIC LONGHAIR,1355,0.0755
2025,CAT,PIXIE-BOB,3,2.0E-4
2025,CAT,BOMBAY,68,0.0038
2025,CAT,RAGDOLL,204,0.0114
2025,CAT,CHANTILLY TIFFANY,4,2.0E-4
2025,CAT,TOYBOB,1,1.0E-4
2025,CAT,BURMESE,27,0.0015
2025,CAT,BREED UNKNOWN,5,3.0E-4
2025,CAT,MIX OF MAINE CO,1,1.0E-4
2025,CAT,BLACK WHITE SHO,1,1.0E-4
2025,CAT,NORWEGIAN FOREST CAT,28,0.0016
2025,CAT,MUNCHKIN,10,6.0E-4
2025,CAT,CHARTREUX,10,6.0E-4
2025,CAT,DEVON REX,47,0.0026
2025,CAT,LONG HAIR MEDIU,1,1.0E-4
2025,CAT,DOMESTIC MIXED,1,1.0E-4
2025,CAT,MIXED BREED,4,2.0E-4
2025,CAT,TURKISH VAN,14,8.0E-4
2025,CAT,AMERICAN SHORTHAIR,210,0.0117
2025,CAT,BALINESE,9,5.0E-4
2025,CAT,ORIENTAL SHORTHAIR,7,4.0E-4
2025,CAT,STANDARD HOUSE,1,1.0E-4
2025,CAT,DOMESTIC MEDIUMHAIR,1164,0.0649
2025,CAT,SIAMESE,293,0.0163
2025,CAT,MIX BENGAL TABB,1,1.0E-4
2025,CAT,NEBELUNG,1,1.0E-4
2025,CAT,TABBY SHORT HAI,1,1.0E-4
2025,CAT,BIRMAN,7,4.0E-4
2025,CAT,PERSIAN AND HIM,1,1.0E-4
2025,CAT,OCICAT,2,1.0E-4
2025,CAT,UNKNOWN,3,2.0E-4
2025,CAT,SPHYNX,32,0.0018
2025,CAT,GREY CAT,1,1.0E-4
2025,CAT,SIBERIAN,1,1.0E-4
2025,CAT,TONKINESE,1,1.0E-4
2025,CAT,BENGAL,185,0.0103
2025,CAT,JAPANESE BOBTAIL,1,1.0E-4
2025,CAT,BLACK,1,1.0E-4
2026,DOG,BLUETICK COONHOUND,1,0.0022
2023,CAT,TUXEDO CAT,1,1.0E-4
2026,DOG,CANE CORSO,1,0.0022
2026,DOG,POODLE STANDARD,9,0.0197
2026,DOG,CHIHUAHUA LONGHAIR,6,0.0131
2023,CAT,TURKISH ANGORA,15,8.0E-4
2023,CAT,TOYBOB,1,1.0E-4
2026,DOG,AMERICAN BULLY POCKET,1,0.0022
2026,DOG,GANARASKAN,1,0.0022
2026,DOG,SCOTTISH TERRIER,1,0.0022
2026,DOG,CHESAPEAKE BAY RETRIEVER,1,0.0022
2023,CAT,DOMESTIC MEDIUMHAIR,1825,0.1002
2026,DOG,RAT TERRIER,4,0.0088
2026,DOG,YORKSHIRE TERRIER,8,0.0175
2023,CAT,SNOWSHOE,3,2.0E-4
2026,DOG,MINIATURE LONG-,1,0.0022
2026,DOG,AMERICAN BULLDOG,13,0.0284
2026,DOG,FINNISH SPITZ,1,0.0022
2026,DOG,WHIPPET MIX,1,0.0022
2026,DOG,SHIH TZU MIX,1,0.0022
2023,CAT,EGYPTIAN MAU,13,7.0E-4
2023,CAT,CHANTILLY TIFFANY,6,3.0E-4
2026,DOG,PARSON RUSSELL TERRIER,3,0.0066
2023,CAT,BRITISH SHORTHAIR,131,0.0072
2023,CAT,BALINESE,7,4.0E-4
2023,CAT,SAVANNAH,10,5.0E-4
2026,DOG,AMERICAN ESKIMO DOG,1,0.0022
2023,CAT,SINGAPURA,1,1.0E-4
2026,DOG,MINIATURE BULL TERRIER,3,0.0066
2026,DOG,BERNESE MOUNTAIN DOG,4,0.0088
2026,DOG,COCKER SPANIEL,10,0.0219
2026,DOG,SIBERIAN HUSKY,15,0.0328
2026,DOG,CHUG (CHIHUAHUA,2,0.0044
2026,DOG,CHIHUAHUA MIX,3,0.0066
2026,DOG,BOSTON TERRIER,2,0.0044
2023,CAT,EXOTIC SHORTHAIR,15,8.0E-4
2026,DOG,GERMAN SHEPHERD DOG,17,0.0372
2026,DOG,MALTIPOO (MALTE,3,0.0066
2023,CAT,DEVON REX,26,0.0014
2026,DOG,MINI AMERICAN S,1,0.0022
2026,DOG,COCOPOO,1,0.0022
2026,DOG,AUSTRALIAN SHEPHERD,27,0.0591
2026,DOG,POODLE MINIATURE,1,0.0022
2023,CAT,BURMESE,37,0.002
2026,DOG,AMERICAN BULLY,7,0.0153
2026,DOG,LEONBERGER,1,0.0022
2026,DOG,POODLE TOY,1,0.0022
2023,CAT,CORNISH REX,8,4.0E-4
2023,CAT,CHARTREUX,2,1.0E-4
2026,DOG,VIZSLA,1,0.0022
2026,DOG,CHIHUAHUA SHORTHAIR,9,0.0197
2026,DOG,AMERICAN STAFFORDSHIRE TERRIER,1,0.0022
2023,CAT,SCOTTISH STRAIGHT,2,1.0E-4
2023,CAT,NORWEGIAN FOREST CAT,20,0.0011
2026,DOG,BREED UNKNOWN,2,0.0044
2026,DOG,BASENJI,3,0.0066
2026,DOG,SHIHTZU,3,0.0066
2026,DOG,BERNEDOODLE (BE,1,0.0022
2026,DOG,NEWFOUNDLAND,2,0.0044
2026,DOG,SHETLAND SHEEPDOG,4,0.0088
2026,DOG,SHETLAND SHEEPD,1,0.0022
2026,DOG,POMERANIAN,6,0.0131
2023,CAT,EUROPEAN SHORTHAIR,4,2.0E-4
2026,DOG,AUSTRALIAN KELPIE,4,0.0088
2026,DOG,KOREAN JINDO MI,1,0.0022
2026,DOG,LABRADOR RETRIEVER,32,0.07
2023,CAT,MIXED BREED,1,1.0E-4
2023,CAT,MUNCHKIN,8,4.0E-4
2026,DOG,MALTESE,29,0.0635
2023,CAT,MANX,8,4.0E-4
2023,CAT,PIXIE-BOB,2,1.0E-4
2026,DOG,UNKNOWN,28,0.0613
2023,CAT,SIAMESE,304,0.0167
2026,DOG,DOBERMAN PINSCHER,4,0.0088
2026,DOG,ROTTWEILER,1,0.0022
2023,CAT,JAPANESE BOBTAIL,2,1.0E-4
2023,CAT,SPHYNX,29,0.0016
2023,CAT,DOMESTIC SHORTHAIR,13471,0.7394
2026,DOG,HAVANESE,3,0.0066
2023,CAT,SOMALI,1,1.0E-4
2026,DOG,LAGOTTO ROMAGNOLO,3,0.0066
2026,DOG,CATAHOULA LEOPARD DOG,5,0.0109
2023,CAT,DOMESTIC LONGHAIR,1177,0.0646
2023,CAT,INDIAN CAT,1,1.0E-4
2026,DOG,LABRADOR RETRIE,1,0.0022
2026,DOG,DUTCH SHEPHERD,3,0.0066
2026,DOG,SAMOYED,3,0.0066
2023,CAT,ORIENTAL SHORTHAIR,9,5.0E-4
2026,DOG,CARDIGAN WELSH,1,0.0022
2023,CAT,AMERICAN SHORTHAIR,87,0.0048
2023,CAT,AMERICAN WIREHAIR,1,1.0E-4
2026,DOG,WEST HIGHLAND WHITE TERRIER,4,0.0088
2026,DOG,JINDO,5,0.0109
2023,CAT,RUSSIAN BLUE,111,0.0061
2026,DOG,BASSET HOUND,5,0.0109
2023,CAT,OCICAT,8,4.0E-4
2026,DOG,PUDDLE POINTER,2,0.0044
2026,DOG,BEAGLE,9,0.0197
2023,CAT,BENGAL,153,0.0084
2023,CAT,ABYSSINIAN,24,0.0013
2023,CAT,MAINE COON,162,0.0089
2023,CAT,HAVANA BROWN,1,1.0E-4
2026,DOG,BRUSSELS GRIFFON,1,0.0022
2026,DOG,SHORKIE (SHIH T,2,0.0044
2023,CAT,SCOTTISH FOLD,97,0.0053
2023,CAT,KORAT,2,1.0E-4
2026,DOG,PUG,11,0.0241
2026,DOG,POTCAKE,2,0.0044
2023,CAT,TURKISH VAN,2,1.0E-4
2026,DOG,BICHON FRISE,4,0.0088
2026,DOG,CHOW CHOW,6,0.0131
2026,DOG,PLOTT HOUND,4,0.0088
2026,DOG,FRENCH BULLDOG,3,0.0066
2023,CAT,HIMALAYAN,55,0.003
2026,DOG,HOUND,1,0.0022
2026,DOG,TERRIER,1,0.0022
2023,CAT,RAGDOLL,184,0.0101
2026,DOG,ENGLISH COCKER SPANIEL,1,0.0022
2023,CAT,BOMBAY,37,0.002
2023,CAT,BIRMAN,7,4.0E-4
2026,DOG,BORDER COLLIE,14,0.0306
2023,CAT,COLORPOINT,1,1.0E-4
2023,CAT,PERSIAN,139,0.0076
2026,DOG,PEMBROKE WELSH CORGI,11,0.0241
2026,DOG,POINTER,4,0.0088
2026,DOG,BOXER,1,0.0022
2026,DOG,BIEWER TERRIER,1,0.0022
2026,DOG,MASTIFF,1,0.0022
2026,DOG,RHODESIAN RIDGEBACK,6,0.0131
2026,DOG,SHIBA INU,8,0.0175
2026,DOG,GOLDEN RETRIEVER,38,0.0832
2026,DOG,DACHSHUND MINIATURE,5,0.0109
2023,CAT,SIBERIAN,2,1.0E-4
2026,DOG,AKITA,2,0.0044
2023,CAT,AMERICAN CURL,6,3.0E-4
2026,DOG,MINIATURE PINSCHER,2,0.0044
2026,CAT,BREED UNKNOWN,10,0.0351
2026,CAT,DOMESTIC MEDIUMHAIR,9,0.0316
2026,CAT,TORTISHELL,1,0.0035
2026,CAT,CORNISH REX,1,0.0035
2026,CAT,TUXEDO CAT,1,0.0035
2026,CAT,RAGDOLL,10,0.0351
2026,CAT,BOMBAY MIX,1,0.0035
2026,CAT,SIAMESE,4,0.014
2026,CAT,MAINE COON,7,0.0246
2026,CAT,RUSSIAN BLUE,8,0.0281
2026,CAT,TURKISH VAN,1,0.0035
2026,CAT,PERSIAN,3,0.0105
2026,CAT,SCOTTISH FOLD,2,0.007
2026,CAT,AMERICAN SHORTHAIR,2,0.007
2026,CAT,HIMALAYAN,1,0.0035
2026,CAT,DOMESTIC SHORTHAIR,183,0.6421
2026,CAT,DOMESTIC LONGHAIR,19,0.0667
2026,CAT,SIAMESE + DOMES,1,0.0035
2026,CAT,ABYSSINIAN,1,0.0035
2026,CAT,CLASSIC TABBY,1,0.0035
2026,CAT,BRITISH SHORTHAIR,5,0.0175
2026,CAT,DOMESTIC LONGHA,1,0.0035
2026,CAT,MUNCHKIN,1,0.0035
2026,CAT,BOMBAY,9,0.0316
2026,CAT,TURKISH ANGORA,1,0.0035
2026,CAT,MIXED BREED,2,0.007
