Year,ANIMAL_TYPE,breed,cnt,rnk
2023,CAT,DOMESTIC SHORTHAIR,13129,1
2023,CAT,DOMESTIC MEDIUMHAIR,1767,2
2023,CAT,DOMESTIC LONGHAIR,1149,3
2023,CAT,SIAMESE,297,4
2023,CAT,RAGDOLL,176,5
2023,CAT,MAINE COON,158,6
2023,CAT,BENGAL,150,7
2023,CAT,PERSIAN,134,8
2023,CAT,BRITISH SHORTHAIR,129,9
2023,CAT,RUSSIAN BLUE,111,10
2023,CAT,SCOTTISH FOLD,94,11
2023,CAT,AMERICAN SHORTHAIR,81,12
2023,CAT,HIMALAYAN,55,13
2023,CAT,BOMBAY,37,14
2023,CAT,BURMESE,37,15
2023,CAT,SPHYNX,29,16
2023,CAT,DEVON REX,25,17
2023,CAT,ABYSSINIAN,23,18
2023,CAT,NORWEGIAN FOREST CAT,19,19
2023,CAT,EXOTIC SHORTHAIR,15,20
2023,CAT,TURKISH ANGORA,15,21
2023,CAT,EGYPTIAN MAU,13,22
2023,CAT,SAVANNAH,10,23
2023,CAT,ORIENTAL SHORTHAIR,9,24
2023,CAT,CORNISH REX,8,25
2023,CAT,MANX,8,26
2023,CAT,MUNCHKIN,8,27
2023,CAT,OCICAT,8,28
2023,CAT,BALINESE,7,29
2023,CAT,AMERICAN CURL,6,30
2023,CAT,BIRMAN,6,31
2023,CAT,CHANTILLY TIFFANY,5,32
2023,CAT,EUROPEAN SHORTHAIR,4,33
2023,CAT,SNOWSHOE,3,34
2023,CAT,CHARTREUX,2,35
2023,CAT,JAPANESE BOBTAIL,2,36
2023,CAT,KORAT,2,37
2023,CAT,PIXIE-BOB,2,38
2023,CAT,SCOTTISH STRAIGHT,2,39
2023,CAT,TURKISH VAN,2,40
2023,CAT,AMERICAN WIREHAIR,1,41
2023,CAT,COLORPOINT,1,42
2023,CAT,HAVANA BROWN,1,43
2023,CAT,INDIAN CAT,1,44
2023,CAT,MIXED BREED,1,45
2023,CAT,SIBERIAN,1,46
2023,CAT,SINGAPURA,1,47
2023,CAT,SOMALI,1,48
2023,CAT,TOYBOB,1,49
2023,CAT,TUXEDO CAT,1,50
2023,DOG,LABRADOR RETRIEVER,4617,1
2023,DOG,GOLDEN RETRIEVER,3559,2
2023,DOG,GERMAN SHEPHERD DOG,2208,3
2023,DOG,SHIHTZU,1961,4
2023,DOG,POODLE MINIATURE,1799,5
2023,DOG,COCKER SPANIEL,1638,6
2023,DOG,CHIHUAHUA SHORTHAIR,1379,7
2023,DOG,SIBERIAN HUSKY,1283,8
2023,DOG,MALTESE,1212,9
2023,DOG,YORKSHIRE TERRIER,1166,10
2023,DOG,POODLE STANDARD,1134,11
2023,DOG,AUSTRALIAN SHEPHERD,1116,12
2023,DOG,BORDER COLLIE,933,13
2023,DOG,BEAGLE,872,14
2023,DOG,AMERICAN BULLDOG,848,15
2023,DOG,PARSON RUSSELL TERRIER,753,16
2023,DOG,POMERANIAN,692,17
2023,DOG,BERNESE MOUNTAIN DOG,668,18
2023,DOG,BICHON FRISE,599,19
2023,DOG,HAVANESE,579,20
2023,DOG,TERRIER,558,21
2023,DOG,MINIATURE SCHNAUZER,551,22
2023,DOG,FRENCH BULLDOG,546,23
2023,DOG,POODLE TOY,524,24
2023,DOG,BOXER,515,25
2023,DOG,PUG,479,26
2023,DOG,BOSTON TERRIER,445,27
2023,DOG,ROTTWEILER,425,28
2023,DOG,PORTUGUESE WATER DOG,422,29
2023,DOG,CAVALIER KING CHARLES SPANIEL,406,30
2023,DOG,WEST HIGHLAND WHITE TERRIER,339,31
2023,DOG,DACHSHUND,332,32
2023,DOG,SOFT COATED WHEATEN TERRIER,321,33
2023,DOG,SHIBA INU,300,34
2023,DOG,UNKNOWN,284,35
2023,DOG,DOBERMAN PINSCHER,283,36
2023,DOG,CANE CORSO,273,37
2023,DOG,DACHSHUND MINIATURE,258,38
2023,DOG,HOUND,250,39
2023,DOG,PEMBROKE WELSH CORGI,249,40
2023,DOG,AUSTRALIAN CATTLE DOG,228,41
2023,DOG,ENGLISH SPRINGER SPANIEL,202,42
2023,DOG,SHETLAND SHEEPDOG,196,43
2023,DOG,COTON DE TULEAR,187,44
2023,DOG,VIZSLA,185,45
2023,DOG,MINIATURE PINSCHER,174,46
2023,DOG,CARDIGAN WELSH CORGI,173,47
2023,DOG,SAMOYED,168,48
2023,DOG,WHIPPET,162,49
2023,DOG,GERMAN SHORTHAIRED POINTER,151,50
2023,DOG,AMERICAN ESKIMO DOG,149,51
2023,DOG,OLD ENGLISH SHEEPDOG,148,52
2023,DOG,STANDARD SCHNAUZER,148,53
2023,DOG,BULLDOG,140,54
2023,DOG,MASTIFF,138,55
2023,DOG,CAIRN TERRIER,137,56
2023,DOG,ENGLISH BULLDOG,130,57
2023,DOG,JINDO,128,58
2023,DOG,GREAT DANE,126,59
2023,DOG,BRITTANY,112,60
2023,DOG,COLLIE ROUGH,111,61
2023,DOG,GREYHOUND,108,62
2023,DOG,RHODESIAN RIDGEBACK,108,63
2023,DOG,GREAT PYRENEES,102,64
2023,DOG,LHASA APSO,101,65
2023,DOG,BELGIAN MALINOIS,100,66
2023,DOG,BORDER TERRIER,99,67
2023,DOG,CHOW CHOW,95,68
2023,DOG,CHINESE SHAR-PEI,89,69
2023,DOG,ALASKAN HUSKY,87,70
2023,DOG,NOVA SCOTIA DUCK TOLLING RETRIEVER,86,71
2023,DOG,PAPILLON,86,72
2023,DOG,RAT TERRIER,85,73
2023,DOG,CHIHUAHUA LONGHAIR,83,74
2023,DOG,COLLIE SMOOTH,83,75
2023,DOG,FEIST,81,76
2023,DOG,BASSET HOUND,80,77
2023,DOG,OLDE ENGLISH BULLDOGGE,79,78
2023,DOG,AIREDALE TERRIER,73,79
2023,DOG,ALASKAN MALAMUTE,72,80
2023,DOG,BULLMASTIFF,72,81
2023,DOG,SAINT BERNARD ROUGH,72,82
2023,DOG,WEIMARANER,70,83
2023,DOG,AKITA,67,84
2023,DOG,NEWFOUNDLAND,67,85
2023,DOG,AMERICAN STAFFORDSHIRE TERRIER,64,86
2023,DOG,BULL TERRIER,60,87
2023,DOG,ITALIAN GREYHOUND,60,88
2023,DOG,PEKINGESE,60,89
2023,DOG,SCOTTISH TERRIER,58,90
2023,DOG,ENGLISH COCKER SPANIEL,57,91
2023,DOG,POINTER,57,92
2023,DOG,FOX TERRIER WIRE,56,93
2023,DOG,AMERICAN PIT BULL TERRIER,54,94
2023,DOG,CATAHOULA LEOPARD DOG,54,95
2023,DOG,DALMATIAN,54,96
2023,DOG,DOGO ARGENTINO,53,97
2023,DOG,PRESA CANARIO,53,98
2023,DOG,BOUVIER DES FLANDRES,51,99
2023,DOG,GANARASKAN,50,100
2023,DOG,IRISH SETTER,50,101
2023,DOG,BASENJI,49,102
2023,DOG,ENGLISH COONHOUND,48,103
2023,DOG,BRUSSELS GRIFFON,47,104
2023,DOG,CHINESE CRESTED,44,105
2023,DOG,ENGLISH SETTER,43,106
2023,DOG,FLAT COATED RETRIEVER,43,107
2023,DOG,ANATOLIAN SHEPHERD DOG,36,108
2023,DOG,WELSH SPRINGER SPANIEL,36,109
2023,DOG,DUTCH SHEPHERD,35,110
2023,DOG,STAFFORDSHIRE BULL TERRIER,35,111
2023,DOG,DACHSHUND LONGHAIRED,34,112
2023,DOG,LAGOTTO ROMAGNOLO,33,113
2023,DOG,TIBETAN TERRIER,33,114
2023,DOG,PORTUGUESE PODENGO PEQUENO,32,115
2023,DOG,AMERICAN BULLY,31,116
2023,DOG,BLACK MOUTH CUR,31,117
2023,DOG,SAINT BERNARD SMOOTH,31,118
2023,DOG,NORFOLK TERRIER,30,119
2023,DOG,BEARDED COLLIE,28,120
2023,DOG,IRISH TERRIER,28,121
2023,DOG,PLOTT HOUND,27,122
2023,DOG,POTCAKE,27,123
2023,DOG,CHESAPEAKE BAY RETRIEVER,26,124
2023,DOG,MUNSTERLANDER,26,125
2023,DOG,SALUKI,26,126
2023,DOG,WELSH TERRIER,26,127
2023,DOG,AMERICAN FOXHOUND,25,128
2023,DOG,MAREMMA SHEEPDOG,25,129
2023,DOG,IRISH WOLFHOUND,24,130
2023,DOG,LEONBERGER,21,131
2023,DOG,NORWICH TERRIER,21,132
2023,DOG,REDBONE COONHOUND,21,133
2023,DOG,SCHAPENDOES,21,134
2023,DOG,GIANT SCHNAUZER,20,135
2023,DOG,WIREHAIRED POINTING GRIFFON,20,136
2023,DOG,AUSTRALIAN KELPIE,19,137
2023,DOG,CAROLINA DOG,19,138
2023,DOG,ENGLISH POINTER,19,139
2023,DOG,KEESHOND,19,140
2023,DOG,TIBETAN SPANIEL,19,141
2023,DOG,FINNISH SPITZ,18,142
2023,DOG,TREEING WALKER COONHOUND,18,143
2023,DOG,NORWEGIAN ELKHOUND,17,144
2023,DOG,BLUETICK COONHOUND,16,145
2023,DOG,FOX TERRIER SMOOTH,16,146
2023,DOG,MIXED BREED,16,147
2023,DOG,XOLOITZCUINTLI,16,148
2023,DOG,SPINONE ITALIANO,15,149
2023,DOG,ALASKAN KLEE KAI,14,150
2023,DOG,BARBET,14,151
2023,DOG,CANAAN DOG,14,152
2023,DOG,DOGUE DE BORDEAUX,14,153
2023,DOG,LAKELAND TERRIER,14,154
2023,DOG,PULI,14,155
2023,DOG,BLACK RUSSIAN TERRIER,13,156
2023,DOG,DACHSHUND WIREHAIRED,13,157
2023,DOG,EURASIER,13,158
2023,DOG,GREATER SWISS MOUNTAIN DOG,13,159
2023,DOG,MINIATURE BULL TERRIER,13,160
2023,DOG,AUSTRALIAN TERRIER,12,161
2023,DOG,BERNEDOODLE,12,162
2023,DOG,ENGLISH FOXHOUND,12,163
2023,DOG,FORMOSAN MOUNTAIN DOG,12,164
2023,DOG,SPANISH WATER DOG,12,165
2023,DOG,BEDLINGTON TERRIER,11,166
2023,DOG,JAPANESE CHIN,11,167
2023,DOG,AKBASH,10,168
2023,DOG,FILA BRASILEIRO,10,169
2023,DOG,KERRY BLUE TERRIER,10,170
2023,DOG,AFFENPINSCHER,9,171
2023,DOG,BOERBOEL,9,172
2023,DOG,BRIARD,9,173
2023,DOG,ENTLEBUCHER MOUNTAIN DOG,9,174
2023,DOG,MANCHESTER TERRIER,9,175
2023,DOG,POLISH LOWLAND SHEEPDOG,9,176
2023,DOG,TREEING CUR,9,177
2023,DOG,BLOODHOUND,8,178
2023,DOG,FIELD SPANIEL,8,179
2023,DOG,GERMAN WIREHAIRED POINTER,8,180
2023,DOG,SCHIPPERKE,8,181
2023,DOG,SILKY TERRIER,8,182
2023,DOG,TOY FOX TERRIER,8,183
2023,DOG,BERNESE HOUND,7,184
2023,DOG,BORZOI,7,185
2023,DOG,GERMAN PINSCHER,7,186
2023,DOG,KARELIAN BEAR DOG,7,187
2023,DOG,KUVASZ,7,188
2023,DOG,NORWEGIAN BUHUND,7,189
2023,DOG,PATTERDALE TERRIER,7,190
2023,DOG,PETIT BASSET GRIFFON VENDEEN,7,191
2023,DOG,WIREHAIRED VIZSLA,7,192
2023,DOG,BELGIAN SHEEPDOG,6,193
2023,DOG,BELGIAN TERVUREN,6,194
2023,DOG,JACK RUSSELL TERRIER,6,195
2023,DOG,PHARAOH HOUND,6,196
2023,DOG,PICARDY SHEEPDOG,6,197
2023,DOG,SCOTTISH DEERHOUND,6,198
2023,DOG,BLACK AND TAN COONHOUND,5,199
2023,DOG,DANDIE DINMONT TERRIER,5,200
2023,DOG,ICELANDIC SHEEPDOG,5,201
2023,DOG,KOMONDOR,5,202
2023,DOG,PUDELPOINTER,5,203
2023,DOG,PYRENEAN SHEPHERD,5,204
2023,DOG,TIBETAN MASTIFF,5,205
2023,DOG,CHIHUAHUA,4,206
2023,DOG,GLEN OF IMAAL TERRIER,4,207
2023,DOG,GOLDENDOODLE,4,208
2023,DOG,GORDON SETTER,4,209
2023,DOG,LANDSEER,4,210
2023,DOG,POODLE,4,211
2023,DOG,BLUE LACY,3,212
2023,DOG,BOYKIN SPANIEL,3,213
2023,DOG,ENGLISH SHEPHERD,3,214
2023,DOG,HOVAWART,3,215
2023,DOG,IBIZAN HOUND,3,216
2023,DOG,IRISH WATER SPANIEL,3,217
2023,DOG,KANGAL,3,218
2023,DOG,LABRADOODLE,3,219
2023,DOG,LOWCHEN,3,220
2023,DOG,SEALYHAM TERRIER,3,221
2023,DOG,AMERICAN WATER SPANIEL,2,222
2023,DOG,BEAUCERON,2,223
2023,DOG,BENGAL,2,224
2023,DOG,DACHSHUND STANDARD,2,225
2023,DOG,FRENCH SPANIEL,2,226
2023,DOG,GRAND BASSET GRIFFON VENDEEN,2,227
2023,DOG,HARRIER,2,228
2023,DOG,INDIAN PARIAH DOG,2,229
2023,DOG,NEAPOLITAN MASTIFF,2,230
2023,DOG,RUSSIAN TOY TERRIER,2,231
2023,DOG,SHIHPOO,2,232
2023,DOG,SKYE TERRIER,2,233
2023,DOG,SLOVENSKY KOPOV,2,234
2023,DOG,SWEDISH VALLHUND,2,235
2023,DOG,TOSA,2,236
2023,DOG,TREEING TENNESSEE BRINDLE,2,237
2023,DOG,WOLF HYBRID,2,238
2023,DOG,1/2 MALTESE,1,239
2023,DOG,AFGHAN HOUND,1,240
2023,DOG,AMERICAN COCKER SPANIEL,1,241
2023,DOG,AUSSIEDOODLE,1,242
2023,DOG,AUSTRALIAN COBBERDOG,1,243
2023,DOG,BELGIAN GROENENDAEL,1,244
2023,DOG,CAUCASIAN SHEPHERD DOG,1,245
2023,DOG,CHORKIE,1,246
2023,DOG,CHOW CHOW MIX,1,247
2023,DOG,CIRNECO DELLETNA,1,248
2023,DOG,CLUMBER SPANIEL,1,249
2023,DOG,ENGLISH HOUND,1,250
2023,DOG,HUSKY,1,251
2023,DOG,KOOIKERHONDJE,1,252
2023,DOG,LABADOR,1,253
2023,DOG,LAGOTTO,1,254
2023,DOG,LAGOTTO ROMNGIO,1,255
2023,DOG,MALSHI,1,256
2023,DOG,MCNAB DOG,1,257
2023,DOG,MEXICAN VILLAGE,1,258
2023,DOG,MINI BULLDOG,1,259
2023,DOG,MIX RAGDOLL,1,260
2023,DOG,MIXED POTCAKE,1,261
2023,DOG,MONGREL,1,262
2023,DOG,MORKIE,1,263
2023,DOG,PARSON JACK RUSSELL TERRIER,1,264
2023,DOG,PERUVIAN HAIRLESS DOG,1,265
2023,DOG,PODENGO,1,266
2023,DOG,POMSKY,1,267
2023,DOG,PUG X POODLE,1,268
2023,DOG,PUMI,1,269
2023,DOG,SCHNAUZER,1,270
2023,DOG,SHEEPADOODLE,1,271
2023,DOG,SHIH TZU,1,272
2023,DOG,SHIH TZU MIX,1,273
2023,DOG,SHIKOKU,1,274
2023,DOG,SILKEN WINDHOUND,1,275
2023,DOG,SPANIEL,1,276
2023,DOG,SPHYNX,1,277
2023,DOG,SUSSEX SPANIEL,1,278
2023,DOG,SWISS HOUND,1,279
2023,DOG,TAMASKAN,1,280
2023,DOG,TERRIER MIX,1,281
2023,DOG,WESTHIGHLAND TE,1,282
2023,DOG,WHEATON TERRIOR,1,283
2024,CAT,DOMESTIC SHORTHAIR,13895,1
2024,CAT,DOMESTIC MEDIUMHAIR,1582,2
2024,CAT,DOMESTIC LONGHAIR,1247,3
2024,CAT,SIAMESE,295,4
2024,CAT,BENGAL,207,5
2024,CAT,RAGDOLL,203,6
2024,CAT,MAINE COON,170,7
2024,CAT,BRITISH SHORTHAIR,151,8
2024,CAT,PERSIAN,145,9
2024,CAT,AMERICAN SHORTHAIR,139,10
2024,CAT,SCOTTISH FOLD,101,11
2024,CAT,RUSSIAN BLUE,99,12
2024,CAT,HIMALAYAN,66,13
2024,CAT,BOMBAY,63,14
2024,CAT,BURMESE,43,15
2024,CAT,DEVON REX,38,16
2024,CAT,SPHYNX,34,17
2024,CAT,ABYSSINIAN,28,18
2024,CAT,EXOTIC SHORTHAIR,27,19
2024,CAT,NORWEGIAN FOREST CAT,19,20
2024,CAT,EUROPEAN SHORTHAIR,18,21
2024,CAT,TURKISH ANGORA,18,22
2024,CAT,EGYPTIAN MAU,13,23
2024,CAT,MANX,12,24
2024,CAT,SAVANNAH,12,25
2024,CAT,ORIENTAL SHORTHAIR,10,26
2024,CAT,TURKISH VAN,10,27
2024,CAT,AMERICAN CURL,9,28
2024,CAT,BIRMAN,9,29
2024,CAT,BALINESE,8,30
2024,CAT,CORNISH REX,8,31
2024,CAT,MUNCHKIN,8,32
2024,CAT,SNOWSHOE,7,33
2024,CAT,CHANTILLY TIFFANY,4,34
2024,CAT,CHARTREUX,4,35
2024,CAT,KORAT,4,36
2024,CAT,OCICAT,4,37
2024,CAT,AMERICAN WIREHAIR,3,38
2024,CAT,MIXED BREED,3,39
2024,CAT,UNKNOWN,3,40
2024,CAT,PIXIE-BOB,2,41
2024,CAT,SCOTTISH,2,42
2024,CAT,SCOTTISH STRAIGHT,2,43
2024,CAT,HAVANA BROWN,1,44
2024,CAT,MALAYAN,1,45
2024,CAT,SOMALI,1,46
2024,CAT,TOYBOB,1,47
2024,DOG,LABRADOR RETRIEVER,4546,1
2024,DOG,GOLDEN RETRIEVER,3608,2
2024,DOG,GERMAN SHEPHERD DOG,2222,3
2024,DOG,SHIHTZU,1989,4
2024,DOG,POODLE MINIATURE,1778,5
2024,DOG,COCKER SPANIEL,1725,6
2024,DOG,CHIHUAHUA SHORTHAIR,1425,7
2024,DOG,SIBERIAN HUSKY,1308,8
2024,DOG,MALTESE,1272,9
2024,DOG,AUSTRALIAN SHEPHERD,1208,10
2024,DOG,YORKSHIRE TERRIER,1130,11
2024,DOG,POODLE STANDARD,1074,12
2024,DOG,BORDER COLLIE,964,13
2024,DOG,AMERICAN BULLDOG,954,14
2024,DOG,BEAGLE,802,15
2024,DOG,BERNESE MOUNTAIN DOG,719,16
2024,DOG,PARSON RUSSELL TERRIER,703,17
2024,DOG,POMERANIAN,701,18
2024,DOG,UNKNOWN,693,19
2024,DOG,HAVANESE,604,20
2024,DOG,BICHON FRISE,599,21
2024,DOG,MINIATURE SCHNAUZER,569,22
2024,DOG,FRENCH BULLDOG,568,23
2024,DOG,TERRIER,562,24
2024,DOG,POODLE TOY,532,25
2024,DOG,BOXER,530,26
2024,DOG,PUG,466,27
2024,DOG,CAVALIER KING CHARLES SPANIEL,432,28
2024,DOG,BOSTON TERRIER,428,29
2024,DOG,ROTTWEILER,420,30
2024,DOG,PORTUGUESE WATER DOG,395,31
2024,DOG,DACHSHUND,324,32
2024,DOG,SHIBA INU,320,33
2024,DOG,WEST HIGHLAND WHITE TERRIER,314,34
2024,DOG,PEMBROKE WELSH CORGI,307,35
2024,DOG,CANE CORSO,298,36
2024,DOG,DACHSHUND MINIATURE,293,37
2024,DOG,SOFT COATED WHEATEN TERRIER,291,38
2024,DOG,DOBERMAN PINSCHER,283,39
2024,DOG,HOUND,247,40
2024,DOG,AUSTRALIAN CATTLE DOG,227,41
2024,DOG,ENGLISH SPRINGER SPANIEL,199,42
2024,DOG,COTON DE TULEAR,197,43
2024,DOG,MASTIFF,191,44
2024,DOG,WHIPPET,188,45
2024,DOG,SHETLAND SHEEPDOG,183,46
2024,DOG,VIZSLA,180,47
2024,DOG,JINDO,176,48
2024,DOG,MINIATURE PINSCHER,175,49
2024,DOG,SAMOYED,169,50
2024,DOG,CARDIGAN WELSH CORGI,167,51
2024,DOG,AMERICAN BULLY,165,52
2024,DOG,OLD ENGLISH SHEEPDOG,148,53
2024,DOG,GERMAN SHORTHAIRED POINTER,145,54
2024,DOG,ENGLISH BULLDOG,144,55
2024,DOG,AMERICAN ESKIMO DOG,143,56
2024,DOG,GREAT DANE,139,57
2024,DOG,STANDARD SCHNAUZER,136,58
2024,DOG,CAIRN TERRIER,130,59
2024,DOG,BRITTANY,125,60
2024,DOG,CHIHUAHUA LONGHAIR,122,61
2024,DOG,CHOW CHOW,119,62
2024,DOG,BULLDOG,118,63
2024,DOG,BELGIAN MALINOIS,115,64
2024,DOG,RHODESIAN RIDGEBACK,108,65
2024,DOG,COLLIE ROUGH,105,66
2024,DOG,GREAT PYRENEES,104,67
2024,DOG,PAPILLON,101,68
2024,DOG,CHINESE SHAR-PEI,99,69
2024,DOG,GREYHOUND,98,70
2024,DOG,RAT TERRIER,91,71
2024,DOG,LHASA APSO,90,72
2024,DOG,BORDER TERRIER,87,73
2024,DOG,NOVA SCOTIA DUCK TOLLING RETRIEVER,86,74
2024,DOG,ALASKAN MALAMUTE,79,75
2024,DOG,AMERICAN PIT BULL TERRIER,79,76
2024,DOG,FEIST,79,77
2024,DOG,BASSET HOUND,78,78
2024,DOG,AKITA,77,79
2024,DOG,OLDE ENGLISH BULLDOGGE,77,80
2024,DOG,COLLIE SMOOTH,76,81
2024,DOG,ALASKAN HUSKY,73,82
2024,DOG,SAINT BERNARD ROUGH,73,83
2024,DOG,POINTER,72,84
2024,DOG,WEIMARANER,71,85
2024,DOG,BULL TERRIER,70,86
2024,DOG,DOGO ARGENTINO,69,87
2024,DOG,PRESA CANARIO,69,88
2024,DOG,ENGLISH COCKER SPANIEL,68,89
2024,DOG,NEWFOUNDLAND,68,90
2024,DOG,AIREDALE TERRIER,65,91
2024,DOG,PEKINGESE,65,92
2024,DOG,BULLMASTIFF,61,93
2024,DOG,AMERICAN STAFFORDSHIRE TERRIER,58,94
2024,DOG,SCOTTISH TERRIER,58,95
2024,DOG,GANARASKAN,56,96
2024,DOG,FOX TERRIER WIRE,55,97
2024,DOG,CATAHOULA LEOPARD DOG,54,98
2024,DOG,DALMATIAN,54,99
2024,DOG,CHINESE CRESTED,50,100
2024,DOG,BOUVIER DES FLANDRES,49,101
2024,DOG,IRISH SETTER,49,102
2024,DOG,BRUSSELS GRIFFON,46,103
2024,DOG,DACHSHUND LONGHAIRED,46,104
2024,DOG,ENGLISH COONHOUND,45,105
2024,DOG,BASENJI,43,106
2024,DOG,ENGLISH SETTER,43,107
2024,DOG,FLAT COATED RETRIEVER,43,108
2024,DOG,ITALIAN GREYHOUND,41,109
2024,DOG,WELSH SPRINGER SPANIEL,40,110
2024,DOG,BLACK MOUTH CUR,39,111
2024,DOG,PORTUGUESE PODENGO PEQUENO,39,112
2024,DOG,SAINT BERNARD SMOOTH,39,113
2024,DOG,DUTCH SHEPHERD,37,114
2024,DOG,LAGOTTO ROMAGNOLO,37,115
2024,DOG,NORFOLK TERRIER,31,116
2024,DOG,IRISH TERRIER,29,117
2024,DOG,STAFFORDSHIRE BULL TERRIER,28,118
2024,DOG,TIBETAN SPANIEL,28,119
2024,DOG,FOX TERRIER SMOOTH,27,120
2024,DOG,POTCAKE,27,121
2024,DOG,TIBETAN TERRIER,27,122
2024,DOG,CHESAPEAKE BAY RETRIEVER,26,123
2024,DOG,ANATOLIAN SHEPHERD DOG,25,124
2024,DOG,PLOTT HOUND,25,125
2024,DOG,SALUKI,25,126
2024,DOG,WELSH TERRIER,25,127
2024,DOG,NORWICH TERRIER,24,128
2024,DOG,AUSTRALIAN KELPIE,23,129
2024,DOG,BEARDED COLLIE,23,130
2024,DOG,KEESHOND,23,131
2024,DOG,LEONBERGER,23,132
2024,DOG,MUNSTERLANDER,23,133
2024,DOG,MAREMMA SHEEPDOG,21,134
2024,DOG,WIREHAIRED POINTING GRIFFON,21,135
2024,DOG,AMERICAN FOXHOUND,20,136
2024,DOG,IRISH WOLFHOUND,20,137
2024,DOG,FINNISH SPITZ,19,138
2024,DOG,MIXED BREED,19,139
2024,DOG,TREEING WALKER COONHOUND,19,140
2024,DOG,DOGUE DE BORDEAUX,18,141
2024,DOG,ENGLISH POINTER,18,142
2024,DOG,NORWEGIAN ELKHOUND,18,143
2024,DOG,REDBONE COONHOUND,18,144
2024,DOG,BARBET,17,145
2024,DOG,ALASKAN KLEE KAI,16,146
2024,DOG,ENTLEBUCHER MOUNTAIN DOG,16,147
2024,DOG,KERRY BLUE TERRIER,16,148
2024,DOG,CAROLINA DOG,15,149
2024,DOG,EURASIER,15,150
2024,DOG,GIANT SCHNAUZER,15,151
2024,DOG,JAPANESE CHIN,15,152
2024,DOG,SCHAPENDOES,15,153
2024,DOG,BEDLINGTON TERRIER,14,154
2024,DOG,BLUETICK COONHOUND,14,155
2024,DOG,GREATER SWISS MOUNTAIN DOG,14,156
2024,DOG,CANAAN DOG,13,157
2024,DOG,LAKELAND TERRIER,13,158
2024,DOG,MINIATURE BULL TERRIER,13,159
2024,DOG,XOLOITZCUINTLI,13,160
2024,DOG,BELGIAN SHEEPDOG,12,161
2024,DOG,BLACK RUSSIAN TERRIER,12,162
2024,DOG,BLOODHOUND,12,163
2024,DOG,FORMOSAN MOUNTAIN DOG,12,164
2024,DOG,MANCHESTER TERRIER,12,165
2024,DOG,POLISH LOWLAND SHEEPDOG,12,166
2024,DOG,SPANISH WATER DOG,12,167
2024,DOG,SPINONE ITALIANO,12,168
2024,DOG,DACHSHUND WIREHAIRED,11,169
2024,DOG,PYRENEAN SHEPHERD,11,170
2024,DOG,GERMAN PINSCHER,10,171
2024,DOG,NORWEGIAN BUHUND,10,172
2024,DOG,PULI,10,173
2024,DOG,SILKY TERRIER,10,174
2024,DOG,AUSTRALIAN TERRIER,9,175
2024,DOG,ENGLISH FOXHOUND,9,176
2024,DOG,TOY FOX TERRIER,9,177
2024,DOG,WIREHAIRED VIZSLA,9,178
2024,DOG,BERNEDOODLE,8,179
2024,DOG,FILA BRASILEIRO,8,180
2024,DOG,KANGAL,8,181
2024,DOG,KUVASZ,8,182
2024,DOG,PHARAOH HOUND,8,183
2024,DOG,TREEING CUR,8,184
2024,DOG,AKBASH,7,185
2024,DOG,BELGIAN TERVUREN,7,186
2024,DOG,BRIARD,7,187
2024,DOG,FIELD SPANIEL,7,188
2024,DOG,GERMAN WIREHAIRED POINTER,7,189
2024,DOG,JACK RUSSELL TERRIER,7,190
2024,DOG,BORZOI,6,191
2024,DOG,GOLDENDOODLE,6,192
2024,DOG,KOMONDOR,6,193
2024,DOG,SCOTTISH DEERHOUND,6,194
2024,DOG,BOERBOEL,5,195
2024,DOG,GORDON SETTER,5,196
2024,DOG,PETIT BASSET GRIFFON VENDEEN,5,197
2024,DOG,PUDELPOINTER,5,198
2024,DOG,SCHIPPERKE,5,199
2024,DOG,SEALYHAM TERRIER,5,200
2024,DOG,TIBETAN MASTIFF,5,201
2024,DOG,AFFENPINSCHER,4,202
2024,DOG,BERNESE HOUND,4,203
2024,DOG,BLACK AND TAN COONHOUND,4,204
2024,DOG,DANDIE DINMONT TERRIER,4,205
2024,DOG,GLEN OF IMAAL TERRIER,4,206
2024,DOG,IBIZAN HOUND,4,207
2024,DOG,ICELANDIC SHEEPDOG,4,208
2024,DOG,IRISH WATER SPANIEL,4,209
2024,DOG,KARELIAN BEAR DOG,4,210
2024,DOG,LANDSEER,4,211
2024,DOG,PATTERDALE TERRIER,4,212
2024,DOG,PICARDY SHEEPDOG,4,213
2024,DOG,AUSSIEDOODLE,3,214
2024,DOG,BEAUCERON,3,215
2024,DOG,BIEWER TERRIER,3,216
2024,DOG,BLUE LACY,3,217
2024,DOG,BOYKIN SPANIEL,3,218
2024,DOG,ENGLISH SHEPHERD,3,219
2024,DOG,INDIAN PARIAH DOG,3,220
2024,DOG,LAGOTTO ROMANGO,3,221
2024,DOG,LOWCHEN,3,222
2024,DOG,NEAPOLITAN MASTIFF,3,223
2024,DOG,POODLE,3,224
2024,DOG,SHIHPOO,3,225
2024,DOG,SILKEN WINDHOUND,3,226
2024,DOG,WHITE SHEPHERD,3,227
2024,DOG,AUSTRALIAN COBBERDOG,2,228
2024,DOG,CHIHUAHUA,2,229
2024,DOG,DOMESTIC SHORTHAIR,2,230
2024,DOG,FRENCH SPANIEL,2,231
2024,DOG,MINIATURE AMERICAN SHEPHERD,2,232
2024,DOG,PORTUGUESE CATTLE DOG,2,233
2024,DOG,RUSSIAN TOY TERRIER,2,234
2024,DOG,SIAMESE,2,235
2024,DOG,SKYE TERRIER,2,236
2024,DOG,SWEDISH VALLHUND,2,237
2024,DOG,SWISS BULLDOG,2,238
2024,DOG,SWISS HOUND,2,239
2024,DOG,SWISS RIDGE DOO,2,240
2024,DOG,TAHLTAN BEAR DOG,2,241
2024,DOG,TERRIER MIX,2,242
2024,DOG,TREEING TENNESSEE BRINDLE,2,243
2024,DOG,AFGHAN HOUND,1,244
2024,DOG,AMERICAN BULL T,1,245
2024,DOG,AMERICAN BULLY POCKET,1,246
2024,DOG,AMERICAN BULLY XL,1,247
2024,DOG,AMERICAN COCKER SPANIEL,1,248
2024,DOG,AMERICAN DIRUS,1,249
2024,DOG,AMERICAN WATER SPANIEL,1,250
2024,DOG,ARABIAN CUNUCU,1,251
2024,DOG,ARGENTINIAN DOG,1,252
2024,DOG,ASTIPZE,1,253
2024,DOG,BEAGLE - PARSON,1,254
2024,DOG,BELDI,1,255
2024,DOG,BELGIAN GROENENDAEL,1,256
2024,DOG,BERGER BLANC SU,1,257
2024,DOG,BOLONKA ZWETNA,1,258
2024,DOG,BOXER - CANE CO,1,259
2024,DOG,BOXER - MASTIFF,1,260
2024,DOG,BRACCO ITALIANO,1,261
2024,DOG,BRITISH SHORT H,1,262
2024,DOG,CAUCASIAN SHEPHERD DOG,1,263
2024,DOG,CHINESE FIELD D,1,264
2024,DOG,CHINOOK,1,265
2024,DOG,CHIWEENIE,1,266
2024,DOG,CHORKIE,1,267
2024,DOG,CIRNECO DELLETNA,1,268
2024,DOG,CLUMBER SPANIEL,1,269
2024,DOG,DOMESTIC LONGHAIR,1,270
2024,DOG,ENGLISH TOY SPANIEL,1,271
2024,DOG,GERMAN SHEPPHER,1,272
2024,DOG,GOLDEN RETR - P,1,273
2024,DOG,GRAND BASSET GRIFFON VENDEEN,1,274
2024,DOG,GREEK SHEPHERD,1,275
2024,DOG,HARRIER,1,276
2024,DOG,HOVAWART,1,277
2024,DOG,ITAL SPINONE,1,278
2024,DOG,JAVANESE,1,279
2024,DOG,KOOIKERHONDJE,1,280
2024,DOG,LABRADOODLE,1,281
2024,DOG,MCNAB DOG,1,282
2024,DOG,MINI AUSSIEDOOD,1,283
2024,DOG,MINI BULLDOG,1,284
2024,DOG,MIXED BREED ROT,1,285
2024,DOG,MORKIE,1,286
2024,DOG,MOUNTAIN CUR,1,287
2024,DOG,PARSON JACK RUSSELL TERRIER,1,288
2024,DOG,PERUVIAN HAIRLESS DOG,1,289
2024,DOG,POMSKY,1,290
2024,DOG,PUG X POODLE,1,291
2024,DOG,PUMI,1,292
2024,DOG,RUSSIAN SPITZ,1,293
2024,DOG,SCHNAUZER,1,294
2024,DOG,SCOTTISH FOLD,1,295
2024,DOG,SHEEPADOODLE,1,296
2024,DOG,SHIATSU,1,297
2024,DOG,SHIH TZU,1,298
2024,DOG,SHIH TZU - POOD,1,299
2024,DOG,SHIH TZU MIX,1,300
2024,DOG,SHIKOKU,1,301
2024,DOG,SHILOH SHEPHERD,1,302
2024,DOG,SLOVENSKY KOPOV,1,303
2024,DOG,SPITZ MIX,1,304
2024,DOG,SUSSEX SPANIEL,1,305
2024,DOG,TAMASKAN,1,306
2024,DOG,TOSA,1,307
2024,DOG,WHEATON TERRIOR,1,308
2024,DOG,WOLF HYBRID,1,309
2025,CAT,DOMESTIC SHORTHAIR,11295,1
2025,CAT,DOMESTIC LONGHAIR,1095,2
2025,CAT,DOMESTIC MEDIUMHAIR,1027,3
2025,CAT,SIAMESE,255,4
2025,CAT,RAGDOLL,186,5
2025,CAT,AMERICAN SHORTHAIR,183,6
2025,CAT,BRITISH SHORTHAIR,174,7
2025,CAT,MAINE COON,158,8
2025,CAT,BENGAL,155,9
2025,CAT,PERSIAN,116,10
2025,CAT,RUSSIAN BLUE,101,11
2025,CAT,SCOTTISH FOLD,101,12
2025,CAT,HIMALAYAN,70,13
2025,CAT,BOMBAY,57,14
2025,CAT,DEVON REX,30,15
2025,CAT,BURMESE,27,16
2025,CAT,SPHYNX,26,17
2025,CAT,ABYSSINIAN,25,18
2025,CAT,NORWEGIAN FOREST CAT,20,19
2025,CAT,TURKISH ANGORA,16,20
2025,CAT,EUROPEAN SHORTHAIR,14,21
2025,CAT,EGYPTIAN MAU,11,22
2025,CAT,EXOTIC SHORTHAIR,11,23
2025,CAT,SNOWSHOE,10,24
2025,CAT,BALINESE,9,25
2025,CAT,CORNISH REX,9,26
2025,CAT,SAVANNAH,9,27
2025,CAT,AMERICAN CURL,8,28
2025,CAT,MUNCHKIN,8,29
2025,CAT,BIRMAN,7,30
2025,CAT,MANX,7,31
2025,CAT,TURKISH VAN,7,32
2025,CAT,ORIENTAL SHORTHAIR,6,33
2025,CAT,SCOTTISH STRAIGHT,5,34
2025,CAT,AMERICAN WIREHAIR,4,35
2025,CAT,MIXED BREED,4,36
2025,CAT,CHANTILLY TIFFANY,3,37
2025,CAT,CHARTREUX,3,38
2025,CAT,KORAT,3,39
2025,CAT,PIXIE-BOB,3,40
2025,CAT,UNKNOWN,3,41
2025,CAT,HAVANA BROWN,2,42
2025,CAT,OCICAT,2,43
2025,CAT,BLACK,1,44
2025,CAT,BLACK WHITE SHO,1,45
2025,CAT,CLASSIC SHORT H,1,46
2025,CAT,DOMESTIC MIXED,1,47
2025,CAT,DONSKOY,1,48
2025,CAT,GREY CAT,1,49
2025,CAT,HAVANESE,1,50
2025,CAT,JAPANESE BOBTAIL,1,51
2025,CAT,LONG HAIR MEDIU,1,52
2025,CAT,MIX BENGAL TABB,1,53
2025,CAT,MIX OF MAINE CO,1,54
2025,CAT,NEBELUNG,1,55
2025,CAT,NO BREED,1,56
2025,CAT,OCICAT X,1,57
2025,CAT,PERSIAN AND HIM,1,58
2025,CAT,SCOTTISH,1,59
2025,CAT,SHORT HAIRED CA,1,60
2025,CAT,SIAMESE AND TAB,1,61
2025,CAT,SIBERIAN,1,62
2025,CAT,STANDARD HOUSE,1,63
2025,CAT,TABBY SHORT HAI,1,64
2025,CAT,TONKINESE,1,65
2025,CAT,TORTOISESHELL,1,66
2025,CAT,TOYBOB,1,67
2025,CAT,UNSURE,1,68
2025,DOG,LABRADOR RETRIEVER,3606,1
2025,DOG,GOLDEN RETRIEVER,3016,2
2025,DOG,GERMAN SHEPHERD DOG,1726,3
2025,DOG,SHIHTZU,1508,4
2025,DOG,COCKER SPANIEL,1438,5
2025,DOG,POODLE MINIATURE,1388,6
2025,DOG,CHIHUAHUA SHORTHAIR,1174,7
2025,DOG,SIBERIAN HUSKY,1016,8
2025,DOG,AUSTRALIAN SHEPHERD,1013,9
2025,DOG,MALTESE,1010,10
2025,DOG,POODLE STANDARD,877,11
2025,DOG,UNKNOWN,839,12
2025,DOG,YORKSHIRE TERRIER,838,13
2025,DOG,AMERICAN BULLDOG,760,14
2025,DOG,BORDER COLLIE,753,15
2025,DOG,BEAGLE,619,16
2025,DOG,BERNESE MOUNTAIN DOG,597,17
2025,DOG,POMERANIAN,578,18
2025,DOG,PARSON RUSSELL TERRIER,505,19
2025,DOG,HAVANESE,502,20
2025,DOG,FRENCH BULLDOG,480,21
2025,DOG,POODLE TOY,473,22
2025,DOG,BICHON FRISE,469,23
2025,DOG,MINIATURE SCHNAUZER,453,24
2025,DOG,TERRIER,453,25
2025,DOG,BOXER,406,26
2025,DOG,CAVALIER KING CHARLES SPANIEL,375,27
2025,DOG,ROTTWEILER,363,28
2025,DOG,PUG,357,29
2025,DOG,BOSTON TERRIER,347,30
2025,DOG,PORTUGUESE WATER DOG,331,31
2025,DOG,PEMBROKE WELSH CORGI,286,32
2025,DOG,DACHSHUND MINIATURE,264,33
2025,DOG,WEST HIGHLAND WHITE TERRIER,259,34
2025,DOG,DACHSHUND,258,35
2025,DOG,SHIBA INU,257,36
2025,DOG,SOFT COATED WHEATEN TERRIER,229,37
2025,DOG,CANE CORSO,225,38
2025,DOG,AMERICAN BULLY,209,39
2025,DOG,DOBERMAN PINSCHER,204,40
2025,DOG,HOUND,198,41
2025,DOG,AUSTRALIAN CATTLE DOG,190,42
2025,DOG,JINDO,159,43
2025,DOG,ENGLISH SPRINGER SPANIEL,155,44
2025,DOG,WHIPPET,155,45
2025,DOG,SAMOYED,151,46
2025,DOG,SHETLAND SHEEPDOG,148,47
2025,DOG,MASTIFF,146,48
2025,DOG,VIZSLA,145,49
2025,DOG,COTON DE TULEAR,144,50
2025,DOG,ENGLISH BULLDOG,142,51
2025,DOG,CARDIGAN WELSH CORGI,137,52
2025,DOG,MINIATURE PINSCHER,131,53
2025,DOG,OLD ENGLISH SHEEPDOG,125,54
2025,DOG,BRITTANY,110,55
2025,DOG,STANDARD SCHNAUZER,109,56
2025,DOG,BULLDOG,107,57
2025,DOG,GERMAN SHORTHAIRED POINTER,107,58
2025,DOG,AMERICAN ESKIMO DOG,104,59
2025,DOG,CHIHUAHUA LONGHAIR,104,60
2025,DOG,GREAT DANE,101,61
2025,DOG,CAIRN TERRIER,97,62
2025,DOG,CHOW CHOW,92,63
2025,DOG,GREAT PYRENEES,89,64
2025,DOG,BELGIAN MALINOIS,88,65
2025,DOG,COLLIE ROUGH,87,66
2025,DOG,GREYHOUND,87,67
2025,DOG,RAT TERRIER,80,68
2025,DOG,AKITA,77,69
2025,DOG,BORDER TERRIER,77,70
2025,DOG,NOVA SCOTIA DUCK TOLLING RETRIEVER,75,71
2025,DOG,RHODESIAN RIDGEBACK,72,72
2025,DOG,PAPILLON,71,73
2025,DOG,FEIST,67,74
2025,DOG,LHASA APSO,63,75
2025,DOG,POINTER,63,76
2025,DOG,COLLIE SMOOTH,62,77
2025,DOG,SAINT BERNARD ROUGH,62,78
2025,DOG,BASSET HOUND,60,79
2025,DOG,OLDE ENGLISH BULLDOGGE,60,80
2025,DOG,CHINESE SHAR-PEI,58,81
2025,DOG,ALASKAN MALAMUTE,57,82
2025,DOG,ENGLISH COCKER SPANIEL,57,83
2025,DOG,CATAHOULA LEOPARD DOG,55,84
2025,DOG,BULL TERRIER,54,85
2025,DOG,SCOTTISH TERRIER,54,86
2025,DOG,ALASKAN HUSKY,52,87
2025,DOG,AMERICAN STAFFORDSHIRE TERRIER,52,88
2025,DOG,PEKINGESE,52,89
2025,DOG,BULLMASTIFF,51,90
2025,DOG,AIREDALE TERRIER,50,91
2025,DOG,MIXED BREED,50,92
2025,DOG,DOGO ARGENTINO,48,93
2025,DOG,NEWFOUNDLAND,48,94
2025,DOG,WEIMARANER,48,95
2025,DOG,PRESA CANARIO,47,96
2025,DOG,AMERICAN PIT BULL TERRIER,46,97
2025,DOG,IRISH SETTER,41,98
2025,DOG,FOX TERRIER WIRE,40,99
2025,DOG,ENGLISH COONHOUND,39,100
2025,DOG,FLAT COATED RETRIEVER,38,101
2025,DOG,LAGOTTO ROMAGNOLO,38,102
2025,DOG,BOUVIER DES FLANDRES,37,103
2025,DOG,BRUSSELS GRIFFON,37,104
2025,DOG,ITALIAN GREYHOUND,36,105
2025,DOG,BASENJI,34,106
2025,DOG,GANARASKAN,33,107
2025,DOG,DALMATIAN,32,108
2025,DOG,SAINT BERNARD SMOOTH,32,109
2025,DOG,AUSTRALIAN KELPIE,31,110
2025,DOG,DACHSHUND LONGHAIRED,31,111
2025,DOG,FOX TERRIER SMOOTH,29,112
2025,DOG,BLACK MOUTH CUR,28,113
2025,DOG,CHINESE CRESTED,27,114
2025,DOG,DUTCH SHEPHERD,27,115
2025,DOG,ANATOLIAN SHEPHERD DOG,26,116
2025,DOG,PORTUGUESE PODENGO PEQUENO,26,117
2025,DOG,SALUKI,26,118
2025,DOG,WELSH SPRINGER SPANIEL,26,119
2025,DOG,POTCAKE,25,120
2025,DOG,CHESAPEAKE BAY RETRIEVER,24,121
2025,DOG,ALASKAN KLEE KAI,23,122
2025,DOG,NORFOLK TERRIER,23,123
2025,DOG,PLOTT HOUND,22,124
2025,DOG,ENGLISH SETTER,21,125
2025,DOG,NORWICH TERRIER,20,126
2025,DOG,BEDLINGTON TERRIER,19,127
2025,DOG,GIANT SCHNAUZER,19,128
2025,DOG,MAREMMA SHEEPDOG,19,129
2025,DOG,MUNSTERLANDER,19,130
2025,DOG,NORWEGIAN ELKHOUND,19,131
2025,DOG,STAFFORDSHIRE BULL TERRIER,19,132
2025,DOG,IRISH WOLFHOUND,18,133
2025,DOG,LEONBERGER,18,134
2025,DOG,EURASIER,17,135
2025,DOG,IRISH TERRIER,17,136
2025,DOG,TIBETAN TERRIER,17,137
2025,DOG,BEARDED COLLIE,16,138
2025,DOG,FINNISH SPITZ,16,139
2025,DOG,REDBONE COONHOUND,16,140
2025,DOG,WELSH TERRIER,16,141
2025,DOG,WIREHAIRED POINTING GRIFFON,16,142
2025,DOG,KEESHOND,15,143
2025,DOG,TREEING WALKER COONHOUND,15,144
2025,DOG,BLUETICK COONHOUND,14,145
2025,DOG,TIBETAN SPANIEL,14,146
2025,DOG,BARBET,13,147
2025,DOG,BERNEDOODLE,13,148
2025,DOG,DOGUE DE BORDEAUX,13,149
2025,DOG,ENGLISH POINTER,13,150
2025,DOG,JACK RUSSELL TERRIER,13,151
2025,DOG,SCHAPENDOES,13,152
2025,DOG,AMERICAN FOXHOUND,12,153
2025,DOG,BELGIAN SHEEPDOG,12,154
2025,DOG,CAROLINA DOG,12,155
2025,DOG,GREATER SWISS MOUNTAIN DOG,12,156
2025,DOG,MINIATURE BULL TERRIER,12,157
2025,DOG,ENTLEBUCHER MOUNTAIN DOG,11,158
2025,DOG,TOY FOX TERRIER,11,159
2025,DOG,DACHSHUND WIREHAIRED,10,160
2025,DOG,FORMOSAN MOUNTAIN DOG,10,161
2025,DOG,JAPANESE CHIN,10,162
2025,DOG,SPANISH WATER DOG,10,163
2025,DOG,BLACK RUSSIAN TERRIER,9,164
2025,DOG,GERMAN PINSCHER,9,165
2025,DOG,MANCHESTER TERRIER,9,166
2025,DOG,SPINONE ITALIANO,9,167
2025,DOG,XOLOITZCUINTLI,9,168
2025,DOG,AUSTRALIAN TERRIER,8,169
2025,DOG,BLOODHOUND,8,170
2025,DOG,BRIARD,8,171
2025,DOG,CANAAN DOG,8,172
2025,DOG,PULI,8,173
2025,DOG,TREEING CUR,8,174
2025,DOG,WIREHAIRED VIZSLA,8,175
2025,DOG,AFFENPINSCHER,7,176
2025,DOG,AUSSIEDOODLE,7,177
2025,DOG,ENGLISH FOXHOUND,7,178
2025,DOG,GERMAN WIREHAIRED POINTER,7,179
2025,DOG,KANGAL,7,180
2025,DOG,KERRY BLUE TERRIER,7,181
2025,DOG,LAKELAND TERRIER,7,182
2025,DOG,FILA BRASILEIRO,6,183
2025,DOG,KUVASZ,6,184
2025,DOG,POLISH LOWLAND SHEEPDOG,6,185
2025,DOG,SCHIPPERKE,6,186
2025,DOG,SCOTTISH DEERHOUND,6,187
2025,DOG,SKYE TERRIER,6,188
2025,DOG,TIBETAN MASTIFF,6,189
2025,DOG,AKBASH,5,190
2025,DOG,AMERICAN COCKER SPANIEL,5,191
2025,DOG,BELGIAN TERVUREN,5,192
2025,DOG,BORZOI,5,193
2025,DOG,GOLDENDOODLE,5,194
2025,DOG,PHARAOH HOUND,5,195
2025,DOG,PUDELPOINTER,5,196
2025,DOG,PYRENEAN SHEPHERD,5,197
2025,DOG,AMERICAN BULLY POCKET,4,198
2025,DOG,BERNESE HOUND,4,199
2025,DOG,DANDIE DINMONT TERRIER,4,200
2025,DOG,ENGLISH SHEPHERD,4,201
2025,DOG,FIELD SPANIEL,4,202
2025,DOG,IRISH WATER SPANIEL,4,203
2025,DOG,NORWEGIAN BUHUND,4,204
2025,DOG,PATTERDALE TERRIER,4,205
2025,DOG,SHIHPOO,4,206
2025,DOG,SILKEN WINDHOUND,4,207
2025,DOG,SILKY TERRIER,4,208
2025,DOG,BIEWER TERRIER,3,209
2025,DOG,BLACK AND TAN COONHOUND,3,210
2025,DOG,CHIHUAHUA,3,211
2025,DOG,DACHSHUND STANDARD,3,212
2025,DOG,GRAND BASSET GRIFFON VENDEEN,3,213
2025,DOG,KOMONDOR,3,214
2025,DOG,LABRADOODLE,3,215
2025,DOG,MORKIE,3,216
2025,DOG,PETIT BASSET GRIFFON VENDEEN,3,217
2025,DOG,POODLE,3,218
2025,DOG,SHIH TZU,3,219
2025,DOG,AUSTRALIAN COBBERDOG,2,220
2025,DOG,BELGIAN SHEPHERD DOG,2,221
2025,DOG,BLUE LACY,2,222
2025,DOG,BOERBOEL,2,223
2025,DOG,CHIWEENIE,2,224
2025,DOG,CIRNECO DELLETNA,2,225
2025,DOG,ENGLISH TOY SPANIEL,2,226
2025,DOG,GERMAN POINTER,2,227
2025,DOG,GERMAN SHEPPHER,2,228
2025,DOG,GLEN OF IMAAL TERRIER,2,229
2025,DOG,GORDON SETTER,2,230
2025,DOG,HOVAWART,2,231
2025,DOG,IBIZAN HOUND,2,232
2025,DOG,ICELANDIC SHEEPDOG,2,233
2025,DOG,INDIAN PARIAH DOG,2,234
2025,DOG,KARELIAN BEAR DOG,2,235
2025,DOG,LANDSEER,2,236
2025,DOG,LOWCHEN,2,237
2025,DOG,MINIATURE AMERICAN SHEPHERD,2,238
2025,DOG,MOUNTAIN CUR,2,239
2025,DOG,NEAPOLITAN MASTIFF,2,240
2025,DOG,PICARDY SHEEPDOG,2,241
2025,DOG,POMSKY,2,242
2025,DOG,RAT TERRIER - B,2,243
2025,DOG,SEALYHAM TERRIER,2,244
2025,DOG,SHEEPADOODLE,2,245
2025,DOG,SWEDISH VALLHUND,2,246
2025,DOG,SWISS HOUND,2,247
2025,DOG,TERRIER MIX,2,248
2025,DOG,WOLF HYBRID,2,249
2025,DOG,AFRICANIS,1,250
2025,DOG,AKBASH GREAT PY,1,251
2025,DOG,AMER STAFF MIX,1,252
2025,DOG,AMERICAN BULL T,1,253
2025,DOG,AMERICAN BULLY MICRO,1,254
2025,DOG,AMERICAN PIT BULL TERRIER MIX,1,255
2025,DOG,AMERICAN WATER SPANIEL,1,256
2025,DOG,BEAUCERON,1,257
2025,DOG,BELGIAN GROENENDAEL,1,258
2025,DOG,BICHON FRISÃ© M,1,259
2025,DOG,BICHON MALTES,1,260
2025,DOG,BICHON POODLE,1,261
2025,DOG,BLUE CANE CORSO,1,262
2025,DOG,BORDER COLLIE S,1,263
2025,DOG,BOYKIN SPANIEL,1,264
2025,DOG,BRACCO ITALIANO,1,265
2025,DOG,BRITTANYPOO,1,266
2025,DOG,BULLDOG AMERICA,1,267
2025,DOG,BULLDOG X,1,268
2025,DOG,CAUCASIAN SHEPHERD DOG,1,269
2025,DOG,CHIHUAHUA MIX,1,270
2025,DOG,CHINESE SHAR-PE,1,271
2025,DOG,CHORKIE,1,272
2025,DOG,CHUG,1,273
2025,DOG,COBBEDOG LABRAD,1,274
2025,DOG,COCKAPOO,1,275
2025,DOG,CORGI-BLUE HEEL,1,276
2025,DOG,CROSS LAB & GOL,1,277
2025,DOG,ENG TOY SPANIEL,1,278
2025,DOG,FOX TERRIER (SM,1,279
2025,DOG,FRENCH SPANIEL,1,280
2025,DOG,GOLDEN RETR - P,1,281
2025,DOG,GREEK SHEPPARD,1,282
2025,DOG,HARRIER,1,283
2025,DOG,HUSKY ROTTTWEIL,1,284
2025,DOG,HUSKY/RIDGEBACK,1,285
2025,DOG,KOOIKERHONDJE,1,286
2025,DOG,KOOLIE,1,287
2025,DOG,LHASO APSO (SHO,1,288
2025,DOG,LONG HAIRED DAC,1,289
2025,DOG,MALTESE MIX PAR,1,290
2025,DOG,MASTIFF - LAB M,1,291
2025,DOG,MCNAB DOG,1,292
2025,DOG,MICRO BULLY,1,293
2025,DOG,MICRO EXOTIC BU,1,294
2025,DOG,MIX CHIHUAHUA A,1,295
2025,DOG,MIX OF SHIHPOO,1,296
2025,DOG,MIX SHIH TZU BI,1,297
2025,DOG,MIXBREED,1,298
2025,DOG,MIXED BREAD,1,299
2025,DOG,MIXED BREED ROT,1,300
2025,DOG,MIXED LAB CROSS,1,301
2025,DOG,MONGREL,1,302
2025,DOG,NEWFYPOO,1,303
2025,DOG,PARSON JACK RUSSELL TERRIER,1,304
2025,DOG,PITBULL CANE CO,1,305
2025,DOG,POODLE CROSS,1,306
2025,DOG,PORTIDOODLE,1,307
2025,DOG,PORTUGUESE CATTLE DOG,1,308
2025,DOG,PUDDLE,1,309
2025,DOG,PUG X POODLE,1,310
2025,DOG,PUMI,1,311
2025,DOG,ROTTWEILER MIX,1,312
2025,DOG,RUSSIAN TOY TERRIER,1,313
2025,DOG,SCHNAUZER,1,314
2025,DOG,SETTER (IRISH),1,315
2025,DOG,SHEPHERD LAB MI,1,316
2025,DOG,SHEPHERD MALINI,1,317
2025,DOG,SHEPPARD LABRAD,1,318
2025,DOG,SHI-POO,1,319
2025,DOG,SHIH TZU MIX,1,320
2025,DOG,SHIH TZU POODLE,1,321
2025,DOG,SHIH TZU X TOY,1,322
2025,DOG,SHILOH SHEPHERD,1,323
2025,DOG,SPANIEL (FRENCH,1,324
2025,DOG,SUSSEX SPANIEL,1,325
2025,DOG,SWISS BULLDOG,1,326
2025,DOG,TAMASKAN,1,327
2025,DOG,TERRIER AND YOR,1,328
2025,DOG,TERRIOR MIX,1,329
2025,DOG,UKNOWN,1,330
2025,DOG,VIZSLA (SMOOTH),1,331
2025,DOG,WHOODLE,1,332
2025,DOG,YELLOW LABRADOR,1,333
2025,DOG,YORKIE MALTESE,1,334
